age,gender,education_level,university_tier,years_experience,employment_gap_months,technical_skill_score,communication_score,aptitude_test_score,coding_test_score,project_count,github_activity_score,certifications_count,expected_salary,actual_hired,logistic_prediction,random_forest_prediction,logistic_probability,random_forest_probability
39,Male,Bachelor's,Tier 2,7.1,5.5,53.2,74.7,44.5,24.7,5,53.2,1,146600,0,0,0,0.02376035098210214,0.065
27,Male,Bachelor's,Tier 2,1.5,0.0,87.6,80.4,62.1,74.2,4,60.0,3,112200,1,1,1,0.8303311260752014,0.715
39,Female,Bachelor's,Tier 3,6.1,0.1,75.2,73.1,58.9,47.0,4,53.3,1,114900,0,0,0,0.14786277199235418,0.35
32,Female,Master's,Tier 2,5.2,2.7,73.6,65.2,58.0,60.8,7,52.1,2,80000,1,0,0,0.34443880389417464,0.335
23,Female,Bachelor's,Tier 2,4.2,0.0,74.5,69.7,64.4,46.2,2,48.1,1,132900,0,0,0,0.09613526982591059,0.14
27,Male,PhD,Tier 2,7.8,0.0,55.5,87.7,43.2,45.3,2,51.6,2,155000,1,0,0,0.18857735169952292,0.225
26,Male,PhD,Tier 1,0.4,2.2,56.5,89.5,54.4,20.8,7,75.5,0,130000,0,0,0,0.10637831876692248,0.355
27,Male,Bachelor's,Tier 1,4.0,2.9,92.8,65.9,65.5,75.0,4,61.7,1,163600,1,1,1,0.8368669629591754,0.875
29,Female,Bachelor's,Tier 1,0.5,0.4,48.3,84.0,49.4,49.2,3,36.9,2,75700,0,0,0,0.04485974253685592,0.045
29,Male,Bachelor's,Tier 3,3.2,0.0,68.7,93.9,71.8,53.0,1,31.8,2,95000,0,0,0,0.2622112260569483,0.385
29,Male,Master's,Tier 2,3.2,2.4,59.8,77.4,50.0,57.5,1,38.0,1,120000,0,0,0,0.07507992655508976,0.05
29,Non-Binary,Bachelor's,Tier 2,5.9,0.3,64.4,64.0,49.1,49.6,6,55.7,1,125100,0,0,0,0.09363154682852508,0.23
30,Male,Master's,Tier 2,4.2,6.3,63.4,89.4,57.5,48.4,5,47.1,1,113000,0,0,0,0.27600544172969227,0.235
31,Female,Bachelor's,Tier 2,1.8,1.8,71.1,92.6,58.2,56.6,5,59.8,2,76900,1,1,1,0.5330072598245903,0.605
33,Male,Master's,Tier 2,14.2,3.6,88.4,88.8,73.4,53.8,7,70.0,5,193000,1,1,1,0.9926820194948293,0.945
30,Female,Bachelor's,Tier 3,5.5,0.0,85.5,91.1,66.7,73.1,5,85.8,1,97700,1,1,1,0.969067389447841,0.875
36,Female,Master's,Tier 2,3.4,8.1,35.9,77.1,49.7,36.2,3,32.3,3,67800,0,0,0,0.006706934008926473,0.0
24,Female,Bachelor's,Tier 2,4.4,2.1,65.4,78.5,56.4,45.6,2,51.1,1,135300,0,0,0,0.09143907861312474,0.115
30,Female,Bachelor's,Tier 3,9.1,3.2,67.1,75.6,58.9,61.1,3,46.0,3,152100,0,0,0,0.3448009810814475,0.295
26,Female,Bachelor's,Tier 2,3.4,0.0,67.2,85.8,60.9,50.8,3,66.1,3,75000,0,0,0,0.47271965277583006,0.4
24,Female,Bachelor's,Tier 2,3.2,2.4,62.7,60.7,60.4,57.6,2,40.5,5,80400,0,0,0,0.06540749479378118,0.165
22,Female,Bachelor's,Tier 2,8.7,4.2,62.5,75.5,38.6,37.0,8,47.2,4,131500,0,0,0,0.08719254885799417,0.175
30,Male,Bachelor's,Tier 3,2.4,0.3,86.4,90.4,68.9,62.3,3,49.5,3,133300,0,1,1,0.6817139547788728,0.83
33,Non-Binary,PhD,Tier 1,4.6,4.8,37.9,81.2,49.6,35.1,1,33.1,1,92100,0,0,0,0.00950341700448014,0.015
31,Male,Bachelor's,Tier 2,2.4,7.4,43.4,65.2,39.6,21.9,0,37.6,1,71500,0,0,0,0.0005712290423861245,0.005
25,Male,Master's,Tier 2,0.0,0.2,76.9,81.6,64.2,53.9,3,57.1,2,105700,0,0,0,0.3647302163500764,0.255
32,Non-Binary,Master's,Tier 3,3.5,0.0,77.3,82.0,70.0,52.6,3,56.0,3,68100,0,0,0,0.41474331763949385,0.44
33,Female,Bachelor's,Tier 1,5.7,1.0,85.3,86.1,61.4,69.1,3,51.9,3,180800,1,1,1,0.8755078071577366,0.75
29,Male,Bachelor's,Tier 3,6.1,0.0,70.7,76.0,60.7,59.2,9,76.6,5,115600,1,1,1,0.8603017497886154,0.655
21,Male,Master's,Tier 2,1.7,0.8,56.7,75.4,49.5,54.3,3,68.3,2,84000,0,0,0,0.19648750484140737,0.175
26,Non-Binary,Bachelor's,Tier 3,11.9,2.3,51.6,92.7,58.9,38.5,5,28.0,1,159300,0,0,0,0.13093584634287367,0.285
32,Male,Master's,Tier 2,4.1,5.7,66.3,89.3,49.5,60.7,7,49.1,2,93700,1,1,0,0.5224084042096785,0.39
30,Female,Bachelor's,Tier 3,4.7,0.0,53.0,76.4,51.0,29.3,1,34.3,4,85800,0,0,0,0.006931153598460197,0.01
24,Female,Master's,Tier 2,0.7,0.0,68.6,67.1,63.1,47.8,4,50.0,1,94000,0,0,0,0.06010064936582092,0.08
32,Male,Bachelor's,Tier 2,4.5,0.0,76.7,73.7,64.6,59.8,3,42.3,0,83400,1,0,0,0.3190952149369003,0.29
28,Female,Master's,Tier 3,1.5,0.0,71.8,90.5,66.1,57.0,4,69.5,3,145500,1,1,1,0.6250192527169167,0.6
27,Female,Bachelor's,Tier 2,10.2,0.0,56.2,89.4,63.6,32.4,5,46.3,4,132900,0,0,0,0.37009316973066864,0.285
23,Male,Master's,Tier 1,3.2,0.0,42.0,56.6,30.0,25.3,5,31.1,1,86500,0,0,0,0.001050687879940377,0.035
30,Male,Bachelor's,Tier 3,8.4,3.5,52.4,80.9,42.4,36.8,4,33.1,2,116200,0,0,0,0.024763987505615634,0.03
21,Female,Bachelor's,Tier 2,4.5,4.7,69.7,70.2,54.2,54.8,1,41.9,1,97700,0,0,0,0.054634532685819866,0.055
29,Non-Binary,Bachelor's,Tier 3,4.1,0.4,81.0,91.1,63.4,59.4,5,52.2,1,144400,0,1,1,0.5507222246762556,0.63
34,Male,PhD,Tier 2,2.2,1.4,68.9,70.6,55.0,52.1,2,27.9,1,105600,0,0,0,0.028527875294581666,0.115
27,Male,Bachelor's,Tier 2,2.6,0.0,86.7,89.2,62.4,64.4,8,68.2,1,100900,1,1,1,0.9088048957948582,0.805
22,Male,Bachelor's,Tier 2,0.0,0.1,76.4,89.7,55.1,51.5,2,35.0,4,74900,0,0,0,0.15842341349104502,0.16
26,Male,Master's,Tier 3,3.7,0.4,64.6,77.6,61.3,46.9,4,62.4,1,136300,0,0,0,0.20742157955384116,0.205
35,Male,Master's,Tier 1,5.1,0.4,81.4,80.7,61.3,53.2,4,62.5,2,119300,1,1,1,0.7805349278308329,0.635
33,Male,Master's,Tier 2,5.7,3.1,63.6,90.8,56.7,48.2,4,64.2,5,97500,1,1,1,0.6937312824995716,0.54
24,Male,Bachelor's,Tier 1,1.7,8.9,51.3,64.7,53.6,35.7,6,59.1,2,109200,0,0,0,0.02949782574794081,0.09
30,Female,Bachelor's,Tier 3,13.4,0.0,61.0,89.6,63.9,48.8,6,45.3,2,152900,1,1,0,0.6770848246871576,0.5
28,Female,Master's,Tier 3,8.5,0.0,62.6,85.1,55.8,43.9,8,68.8,1,105800,0,1,1,0.5241476734435934,0.575
25,Non-Binary,Master's,Tier 3,0.7,1.6,49.3,70.4,43.3,40.0,5,53.8,1,92400,0,0,0,0.0069103677199619405,0.01
30,Female,Master's,Tier 3,6.1,0.1,57.9,63.1,54.9,47.7,4,45.3,2,98600,0,0,0,0.03942637491114814,0.05
21,Male,Master's,Tier 3,8.8,0.8,40.7,69.1,37.2,20.0,7,45.1,1,114000,0,0,0,0.005976366803796816,0.075
25,Female,Bachelor's,Tier 2,2.2,12.4,56.1,56.7,34.9,47.3,3,31.6,3,77700,0,0,0,0.0016041794267796388,0.03
23,Female,Bachelor's,Tier 1,0.0,0.8,94.5,65.4,73.4,77.3,3,55.4,0,109100,1,1,0,0.6522179329619344,0.475
23,Male,Master's,Tier 2,1.7,6.4,41.2,77.7,44.0,27.5,3,51.5,2,113300,0,0,0,0.006940923742541336,0.01
29,Male,Bachelor's,Tier 1,0.9,0.0,100.0,75.9,76.6,77.9,4,48.9,0,106000,1,1,1,0.8899474414565922,0.585
31,Male,Bachelor's,Tier 2,6.4,3.2,76.0,81.1,56.2,56.1,7,35.5,2,106100,1,0,0,0.41761641999288,0.25
28,Male,Bachelor's,Tier 1,10.4,0.0,59.9,90.2,53.2,27.9,10,89.6,5,145200,1,1,1,0.9205114750818173,0.615
27,Male,PhD,Tier 1,4.1,1.8,73.1,84.3,53.9,44.8,2,48.5,0,81300,0,0,0,0.19604907695077303,0.215
34,Female,Bachelor's,Tier 1,4.7,4.9,58.3,75.3,49.5,45.5,4,36.5,2,138400,0,0,0,0.05215341022464648,0.055
29,Male,Master's,Tier 3,8.3,0.7,57.3,74.6,38.4,45.9,6,62.5,3,136500,0,0,0,0.1823699954029047,0.12
36,Male,Master's,Tier 2,6.1,0.0,69.0,79.9,59.0,56.2,2,49.2,4,131600,1,1,0,0.5227104362505852,0.375
28,Female,Bachelor's,Tier 2,0.7,0.0,64.2,72.2,57.7,43.5,2,47.9,3,101900,0,0,0,0.03574054677451078,0.045
29,Male,Master's,Tier 3,1.1,2.2,74.4,63.7,61.5,50.1,2,42.7,1,109200,0,0,0,0.029095299141854238,0.055
37,Female,Master's,Tier 2,4.6,0.6,89.0,80.8,65.1,55.5,2,57.2,0,155500,1,1,1,0.5268462202146506,0.615
34,Female,Bachelor's,Tier 2,2.9,6.0,67.6,81.6,57.3,48.9,2,46.3,2,101100,0,0,0,0.09239326747188381,0.045
28,Female,PhD,Tier 2,8.5,1.9,60.3,80.2,56.6,62.7,3,26.2,1,105500,0,0,0,0.20096899530105095,0.275
26,Male,Master's,Tier 2,1.2,0.0,59.1,86.5,61.4,38.6,7,34.1,1,59300,1,0,0,0.08428911319980827,0.16
28,Male,Bachelor's,Tier 1,4.2,1.7,53.1,70.5,54.4,29.4,9,40.1,1,105200,0,0,0,0.03924638308402067,0.08
29,Female,Master's,Tier 2,2.2,0.0,62.9,60.4,56.5,20.0,3,67.3,2,102500,0,0,0,0.011137896986230765,0.08
34,Male,Bachelor's,Tier 3,6.8,0.0,63.6,75.0,49.9,55.2,6,56.7,1,132800,0,0,0,0.2739033602480725,0.27
24,Male,Bachelor's,Tier 1,6.2,0.0,81.6,100.0,67.5,55.0,5,48.2,2,150000,1,1,1,0.9220215358786601,0.81
31,Male,Bachelor's,Tier 2,4.5,2.6,61.3,71.1,53.7,50.0,6,53.7,0,170900,0,0,0,0.13043133190211703,0.225
26,Male,Bachelor's,Tier 2,1.0,0.0,78.7,86.2,64.6,63.4,8,76.8,0,106700,1,1,1,0.8640271939606948,0.645
35,Male,Bachelor's,Tier 3,2.1,2.7,62.5,85.7,54.6,37.4,5,54.2,1,112900,0,0,0,0.06577971868776933,0.09
32,Male,Bachelor's,Tier 2,4.3,2.7,67.1,53.9,52.7,48.4,3,55.4,3,87000,0,0,0,0.05279607838279305,0.15
37,Female,Master's,Tier 3,3.6,0.0,71.2,72.7,47.4,46.5,4,46.0,0,119800,0,0,0,0.03296149180770904,0.07
31,Female,Bachelor's,Tier 2,3.5,0.3,68.3,65.6,47.2,43.6,4,55.2,2,113000,0,0,0,0.042379706735186366,0.045
30,Male,Bachelor's,Tier 3,6.7,0.2,55.2,74.3,65.9,40.3,4,29.8,4,120800,0,0,0,0.06650262026094078,0.14
28,Female,PhD,Tier 2,1.9,0.8,72.4,75.7,53.5,52.6,4,52.2,0,158100,0,0,0,0.08982361597314871,0.355
30,Female,Bachelor's,Tier 3,0.9,0.0,52.6,79.6,45.2,23.3,5,47.1,0,83600,0,0,0,0.0032971037830145135,0.005
36,Female,Bachelor's,Tier 3,5.4,0.0,71.8,100.0,61.1,49.5,10,64.7,3,68700,1,1,1,0.8364275761730275,0.625
25,Male,Bachelor's,Tier 1,0.0,1.4,74.2,86.3,53.0,46.3,5,52.2,1,153400,0,0,0,0.2198143920784951,0.375
30,Male,Master's,Tier 3,3.3,5.3,67.3,98.6,52.6,50.2,7,68.2,1,189400,1,1,1,0.5459902659953993,0.59
31,Male,Bachelor's,Tier 2,9.6,1.2,78.0,83.5,63.6,75.1,4,49.8,0,120400,1,1,1,0.9144556773384959,0.665
34,Male,Master's,Tier 3,4.0,0.3,50.0,90.8,42.6,23.3,4,22.2,3,73700,0,0,0,0.006990532265110427,0.04
28,Female,Master's,Tier 3,5.0,2.6,61.7,73.6,52.8,42.2,5,58.1,0,109500,0,0,0,0.056070928336799136,0.08
35,Male,Bachelor's,Tier 2,6.1,0.1,68.7,75.6,53.6,40.1,4,42.8,2,112600,0,0,0,0.11309188495253486,0.125
28,Female,Bachelor's,Tier 3,5.8,1.3,70.5,87.4,51.8,43.8,4,36.3,4,95400,0,0,0,0.1101398056901331,0.12
25,Male,Master's,Tier 2,3.1,3.1,55.4,73.5,43.3,52.7,3,41.1,4,79400,0,0,0,0.056686412930153106,0.11
37,Male,Master's,Tier 1,6.0,2.0,54.1,67.3,52.8,56.3,2,45.7,4,140700,0,0,0,0.22234096499637362,0.135
25,Male,PhD,Tier 2,3.2,0.3,47.5,80.9,45.5,28.7,5,58.3,0,145300,0,0,0,0.02339792296694166,0.075
27,Male,Bachelor's,Tier 3,1.5,0.0,55.1,89.4,53.7,43.2,2,50.7,0,106700,0,0,0,0.050016212219333916,0.1
24,Male,Bachelor's,Tier 2,1.7,0.0,45.2,84.5,52.4,27.6,2,33.8,2,100700,0,0,0,0.00907450024330732,0.0
28,Female,Master's,Tier 2,1.4,0.0,88.3,84.6,68.3,78.8,6,77.2,2,85500,1,1,1,0.961905989388728,0.86
27,Male,Bachelor's,Tier 1,2.1,0.9,51.8,87.8,47.8,30.5,2,23.8,3,116800,0,0,0,0.01609017195530304,0.025
23,Female,Master's,Tier 3,3.9,0.0,62.6,91.3,71.2,36.4,3,25.9,4,107900,0,0,0,0.08040715920308981,0.335
27,Male,Master's,Tier 1,5.3,0.5,93.8,73.0,62.0,61.5,3,47.7,4,127700,0,1,1,0.7645598429538726,0.525
25,Female,PhD,Tier 2,6.9,0.0,85.8,54.2,63.3,60.7,6,76.0,1,154900,1,1,1,0.5679812475012227,0.655
29,Male,Master's,Tier 1,3.4,1.0,61.8,88.6,53.2,48.5,3,50.3,2,103400,1,0,0,0.3535427409953578,0.18
28,Male,Bachelor's,Tier 2,0.3,0.0,91.5,77.9,69.3,70.0,4,60.5,1,127700,0,1,1,0.7500487349214299,0.75
25,Female,Master's,Tier 3,9.0,0.0,65.5,82.2,57.4,44.1,5,39.9,5,221000,0,0,0,0.2532086510949879,0.28
32,Male,Master's,Tier 2,4.2,0.0,81.2,82.5,73.1,40.3,5,39.0,3,119400,1,0,0,0.38879561155395015,0.39
25,Male,Master's,Tier 2,3.0,0.0,36.5,89.3,55.5,20.0,4,33.0,0,109600,0,0,0,0.009212192001234767,0.02
33,Female,Master's,Tier 2,4.5,4.6,54.1,91.5,55.4,32.6,2,28.3,2,112200,0,0,0,0.02685231801421966,0.035
31,Female,Bachelor's,Tier 2,12.5,0.0,46.2,79.7,39.0,24.3,8,63.2,4,103500,0,0,0,0.17030990248692893,0.205
21,Male,Bachelor's,Tier 2,1.6,0.2,75.1,82.1,66.8,75.3,3,35.4,0,63400,0,0,0,0.49428798579279615,0.395
28,Non-Binary,Master's,Tier 2,2.9,2.1,74.1,74.8,57.0,62.1,1,32.4,2,74000,0,0,0,0.10475570711917224,0.135
33,Male,Master's,Tier 1,7.9,0.0,66.7,84.2,61.8,48.2,6,50.8,6,141000,1,1,1,0.8288542935783275,0.645
25,Male,Bachelor's,Tier 3,0.0,0.0,73.7,90.3,57.2,48.5,4,48.1,1,84400,0,0,0,0.13573751566945813,0.165
30,Male,Bachelor's,Tier 1,1.6,0.0,70.8,78.1,54.7,45.0,5,57.6,2,131800,0,0,0,0.25564230209574323,0.27
29,Female,PhD,Tier 3,2.0,0.0,66.9,90.7,61.0,37.8,3,55.7,3,116700,0,0,0,0.10849005967638899,0.19
29,Female,Bachelor's,Tier 1,5.4,0.0,79.8,68.0,58.3,61.7,6,36.5,2,99200,1,0,0,0.3703735858233497,0.27
27,Male,Bachelor's,Tier 3,3.2,0.0,76.2,68.4,56.3,43.3,3,44.0,0,89500,0,0,0,0.0316839236825422,0.01
29,Male,Bachelor's,Tier 2,5.2,0.0,58.0,77.3,47.4,42.4,6,71.6,1,86700,0,0,0,0.24408302593271952,0.15
24,Male,PhD,Tier 2,4.6,0.0,77.1,84.0,64.6,60.2,2,50.3,1,114100,0,1,0,0.5481282987346799,0.485
24,Male,PhD,Tier 1,6.9,7.7,89.2,76.3,56.2,57.6,5,66.5,0,280000,1,1,1,0.7022793594835648,0.685
34,Female,PhD,Tier 1,4.6,2.5,70.5,83.2,41.3,48.4,3,58.2,2,101000,1,0,0,0.20922936702072045,0.24
29,Male,Master's,Tier 1,9.1,1.1,77.6,66.1,61.6,73.4,4,49.0,2,156100,1,1,1,0.8499072048684035,0.665
26,Female,Bachelor's,Tier 2,15.1,0.3,64.6,63.4,49.5,39.2,8,90.0,2,159500,1,1,1,0.7069746600950567,0.56
27,Female,Master's,Tier 2,1.3,1.8,75.8,93.0,66.6,51.0,4,62.4,3,148100,1,1,1,0.6016839290550638,0.675
27,Female,Bachelor's,Tier 2,1.7,0.0,84.8,84.8,56.7,65.8,5,64.7,0,116400,0,1,1,0.6375101943861766,0.69
32,Non-Binary,Bachelor's,Tier 3,3.6,4.5,67.4,77.6,65.6,53.5,3,52.9,2,144800,0,0,0,0.14760653259951106,0.345
33,Male,Bachelor's,Tier 2,7.5,0.1,70.6,80.7,62.9,63.8,7,79.4,1,100400,1,1,1,0.9371935135817224,0.805
24,Female,Bachelor's,Tier 3,3.6,2.9,53.6,66.0,34.4,32.0,5,51.8,1,85600,0,0,0,0.0030581915214117506,0.04
29,Female,Master's,Tier 3,3.4,1.1,52.9,69.7,50.3,41.8,5,68.1,2,61600,0,0,0,0.05012341634392024,0.06
24,Male,Bachelor's,Tier 2,3.8,0.0,63.4,71.7,49.0,47.8,1,42.8,2,105700,0,0,0,0.04551369505083817,0.045
26,Male,Bachelor's,Tier 1,4.1,0.1,85.0,91.2,69.2,59.3,2,53.4,0,154600,0,1,1,0.8247116379603676,0.61
25,Male,Bachelor's,Tier 3,0.3,0.0,83.9,71.7,61.3,55.4,1,41.5,0,109200,0,0,0,0.05400893569217149,0.06
27,Male,Master's,Tier 2,2.7,0.5,85.2,93.4,52.2,58.0,8,90.7,1,126600,1,1,1,0.9385078256775514,0.665
21,Female,Bachelor's,Tier 2,0.0,5.0,65.0,81.1,66.1,61.3,4,51.3,0,50900,0,0,0,0.19148897193660366,0.26
24,Male,Master's,Tier 1,5.6,0.0,50.3,91.6,53.4,53.3,7,71.1,0,85000,1,1,1,0.7864230803668528,0.54
26,Female,Master's,Tier 2,6.2,2.6,53.2,80.3,47.7,43.0,5,42.1,3,110500,0,0,0,0.08128692300205081,0.025
28,Male,Bachelor's,Tier 2,0.6,2.4,57.4,70.1,48.5,37.3,3,61.1,2,76100,0,0,0,0.02371856995358466,0.035
38,Male,PhD,Tier 2,7.9,6.5,80.2,75.3,56.3,65.0,7,63.8,2,176200,1,1,1,0.7983539648956782,0.715
36,Male,PhD,Tier 2,6.0,0.0,53.8,66.5,49.2,59.0,2,36.1,2,111700,0,0,0,0.06634438558417481,0.1
25,Male,Bachelor's,Tier 2,2.7,2.8,79.5,76.4,69.7,63.3,6,82.7,1,99500,1,1,1,0.8630664846850419,0.755
28,Male,Master's,Tier 1,2.8,0.8,73.1,81.2,72.2,65.7,6,83.8,3,93600,1,1,1,0.9668865107310181,0.82
30,Female,Bachelor's,Tier 2,2.1,0.6,84.3,73.6,49.6,58.8,6,48.1,1,132300,0,0,0,0.18296938192463982,0.24
24,Male,PhD,Tier 1,1.5,3.2,64.6,63.6,48.6,50.3,5,50.0,0,128600,0,0,0,0.043351649648391964,0.15
23,Female,Bachelor's,Tier 2,0.0,5.4,77.3,62.5,54.1,40.5,7,57.4,3,108900,0,0,0,0.03363487855695654,0.205
33,Male,PhD,Tier 2,2.8,1.1,77.1,90.8,63.2,43.0,4,30.5,1,108400,0,0,0,0.15413084409021185,0.235
22,Male,Bachelor's,Tier 1,4.4,3.8,64.7,74.3,56.5,45.6,2,38.5,1,118800,0,0,0,0.08058517201308525,0.075
33,Male,Master's,Tier 2,4.2,0.0,73.4,73.6,57.5,47.1,0,49.1,0,88100,1,0,0,0.10947770100921858,0.17
22,Male,Bachelor's,Tier 1,0.0,5.9,80.1,72.2,57.9,65.7,5,81.3,0,93700,0,1,1,0.6447414789844377,0.55
29,Male,Bachelor's,Tier 1,3.2,5.8,44.6,80.5,45.4,23.5,3,40.7,1,120100,0,0,0,0.00815383865336734,0.005
22,Female,Bachelor's,Tier 2,3.0,0.2,65.2,70.2,50.8,50.3,4,38.6,1,75100,0,0,0,0.03596325450260021,0.02
25,Non-Binary,Master's,Tier 3,0.1,1.1,64.7,95.2,63.4,50.4,4,45.6,4,113600,1,0,0,0.20266778809723335,0.215
39,Female,Bachelor's,Tier 3,8.6,5.5,69.2,81.3,61.8,53.7,3,64.0,2,100700,1,0,0,0.49379790931089856,0.485
31,Male,Bachelor's,Tier 2,3.9,2.9,57.5,74.3,64.0,34.8,4,39.4,1,98300,0,0,0,0.038414978971796646,0.085
23,Male,Master's,Tier 2,3.0,0.0,65.7,64.7,56.7,45.1,4,32.8,2,112700,0,0,0,0.03283249292410168,0.075
26,Male,Master's,Tier 1,11.4,2.0,74.9,94.0,65.7,60.5,4,46.5,3,148100,1,1,1,0.9612068466334635,0.77
21,Male,Master's,Tier 3,0.4,0.0,73.7,95.9,66.7,57.0,4,33.3,1,104600,1,0,0,0.2831961524012982,0.3
28,Female,Master's,Tier 3,4.9,0.0,52.6,79.1,45.1,21.4,5,38.3,2,70400,0,0,0,0.006178808930407443,0.015
27,Male,Bachelor's,Tier 1,6.2,0.0,90.3,82.0,75.4,75.0,4,64.6,1,189000,1,1,1,0.9790551183739751,0.94
31,Female,Bachelor's,Tier 3,1.9,0.0,84.6,70.8,57.8,52.2,5,85.3,0,99000,0,0,0,0.32696172016876435,0.43
32,Male,Bachelor's,Tier 2,2.2,0.0,52.9,70.1,44.3,28.2,4,59.0,0,62600,0,0,0,0.011426837696966745,0.025
25,Female,Master's,Tier 2,1.2,1.5,84.6,59.8,67.1,59.8,5,39.8,0,116100,0,0,0,0.09862635642240043,0.19
25,Male,Bachelor's,Tier 2,9.8,0.0,69.8,89.0,58.9,46.0,5,54.7,4,95100,1,1,1,0.76996579878605,0.595
21,Male,Bachelor's,Tier 3,3.6,0.2,72.3,84.3,61.5,40.7,1,35.9,1,78200,0,0,0,0.05442248467925787,0.09
26,Male,PhD,Tier 2,0.4,3.7,68.6,87.4,65.1,31.8,4,61.6,0,92200,0,0,0,0.10033477784075455,0.215
24,Male,Bachelor's,Tier 3,1.4,3.2,60.9,67.9,54.3,42.8,4,51.7,2,92600,0,0,0,0.021533772194327807,0.04
29,Male,Bachelor's,Tier 3,2.1,4.8,61.8,95.0,50.9,33.2,2,54.6,3,84400,0,0,0,0.05989836105934345,0.085
23,Male,Bachelor's,Tier 2,0.0,1.3,45.9,78.8,59.0,43.4,1,33.8,3,81200,0,0,0,0.018052451393653277,0.045
30,Female,Bachelor's,Tier 1,1.9,0.0,70.1,75.6,55.1,53.0,3,49.9,1,111100,0,0,0,0.15740573878543437,0.225
29,Male,PhD,Tier 3,4.7,1.1,75.7,61.2,48.0,52.0,4,57.8,1,118500,0,0,0,0.06467898620357096,0.125
21,Male,Master's,Tier 2,0.4,0.5,98.2,73.1,57.6,82.4,7,60.5,1,105100,1,1,1,0.8487466359101873,0.65
25,Male,Bachelor's,Tier 2,6.7,0.0,58.0,77.4,57.8,41.9,4,64.7,5,114800,1,0,0,0.4043653771719463,0.255
21,Female,Bachelor's,Tier 3,0.0,2.1,72.1,84.9,59.8,53.7,3,45.0,0,86500,0,0,0,0.06701451375005202,0.19
31,Male,Master's,Tier 3,1.3,0.0,78.5,48.7,58.1,45.1,1,45.7,2,55800,0,0,0,0.010600927582483701,0.12
38,Male,Bachelor's,Tier 3,6.5,1.8,64.7,75.1,48.8,50.8,3,40.4,4,80700,0,0,0,0.10611193169376393,0.13
32,Male,Bachelor's,Tier 2,2.9,0.0,76.8,77.0,54.1,55.7,3,61.2,3,89600,1,0,0,0.404702967242246,0.44
27,Male,Bachelor's,Tier 3,4.7,0.0,85.1,77.3,68.0,55.2,5,60.9,4,105600,0,1,1,0.6751671222742021,0.71
36,Non-Binary,Bachelor's,Tier 3,6.2,0.0,58.1,75.1,56.6,42.4,5,46.0,3,94000,0,0,0,0.07435726529845635,0.13
21,Female,Master's,Tier 3,2.1,0.0,53.7,76.7,49.3,41.0,7,67.6,2,107600,0,0,0,0.06778184308384848,0.07
26,Male,Bachelor's,Tier 1,3.0,0.0,86.1,91.8,72.1,55.4,6,71.4,3,149900,1,1,1,0.9539374846979615,0.835
27,Female,Bachelor's,Tier 2,10.4,7.2,55.8,90.1,64.3,51.4,5,34.2,2,81100,1,0,0,0.42858199082937964,0.31
35,Male,Bachelor's,Tier 2,6.0,1.9,45.0,89.0,50.6,53.3,10,61.2,1,98500,0,1,0,0.5722312049119788,0.395
30,Female,Bachelor's,Tier 2,4.4,0.0,91.3,74.0,70.8,58.5,7,77.8,2,153200,1,1,1,0.872215984617753,0.805
35,Male,Bachelor's,Tier 2,3.4,0.0,73.6,89.8,62.5,53.3,4,64.6,0,75000,1,1,1,0.6485154349546408,0.655
22,Male,Bachelor's,Tier 1,7.1,0.0,80.3,81.0,69.5,64.4,2,36.6,3,126200,0,1,1,0.7963854809008594,0.695
30,Male,Master's,Tier 2,2.5,2.7,62.0,68.2,56.3,42.6,5,25.0,0,81300,0,0,0,0.01528959843050724,0.06
39,Female,Master's,Tier 3,6.3,0.3,55.0,56.4,45.8,32.1,2,62.9,5,136000,0,0,0,0.014431055581155412,0.125
21,Female,Bachelor's,Tier 3,2.0,0.0,74.1,68.7,61.9,46.7,4,64.2,4,97400,0,0,0,0.12680734233306276,0.145
33,Female,Bachelor's,Tier 3,3.0,2.5,59.7,78.3,50.7,37.1,7,54.9,2,94100,0,0,0,0.04089003117289202,0.03
23,Male,Bachelor's,Tier 2,0.0,1.9,78.4,66.6,58.5,55.7,4,55.1,3,87300,0,0,0,0.15393868922888393,0.205
30,Female,Bachelor's,Tier 2,6.4,1.9,63.5,72.7,46.8,57.9,4,38.8,3,93200,0,0,0,0.12771483157075772,0.075
30,Female,Bachelor's,Tier 1,1.2,0.0,78.8,81.7,66.9,50.4,4,69.5,1,134200,0,1,1,0.5657882380149644,0.525
25,Female,Master's,Tier 1,0.8,0.0,86.7,100.0,74.8,63.9,1,50.8,3,118300,1,1,1,0.8896267650757292,0.785
32,Female,Bachelor's,Tier 2,5.6,0.7,36.8,87.0,46.4,20.0,3,31.0,0,132800,0,0,0,0.004301245565411981,0.025
31,Male,Bachelor's,Tier 2,3.4,2.2,86.9,74.9,63.0,67.5,2,47.3,3,86800,1,1,0,0.5602189345162325,0.465
25,Male,Bachelor's,Tier 1,7.8,2.0,63.2,84.9,40.9,38.1,3,36.4,2,133500,0,0,0,0.10558762918727443,0.04
30,Female,Master's,Tier 3,1.0,1.7,66.9,65.0,53.2,47.1,5,55.0,0,92800,0,0,0,0.022639996701939304,0.05
30,Female,Master's,Tier 3,4.6,1.7,80.9,68.0,67.5,49.4,2,46.0,1,208600,0,0,0,0.09203964369068074,0.435
34,Male,Master's,Tier 2,5.3,0.2,72.7,80.0,69.1,42.0,5,45.1,1,132300,0,0,0,0.329494001732797,0.32
32,Male,Master's,Tier 2,1.5,0.0,68.7,95.6,68.8,58.0,4,55.4,2,120700,1,1,1,0.7389643954109177,0.655
21,Female,PhD,Tier 1,0.0,1.2,81.0,86.0,74.0,66.7,11,99.5,0,154000,1,1,1,0.977530667599666,0.7
24,Non-Binary,Bachelor's,Tier 3,1.5,3.2,41.4,72.6,47.8,21.9,3,56.4,1,47700,0,0,0,0.0019316748957325554,0.035
26,Female,Master's,Tier 1,1.0,0.0,79.3,50.8,55.7,41.9,7,60.2,1,89400,0,0,0,0.053223316653581536,0.205
31,Female,Bachelor's,Tier 1,2.6,4.0,47.9,96.0,56.4,29.2,5,50.0,3,76800,0,0,0,0.10925912481929403,0.27
24,Male,Bachelor's,Tier 3,6.4,0.0,50.5,59.0,44.1,52.6,6,66.4,3,97200,0,0,0,0.09575800841257852,0.12
30,Female,Bachelor's,Tier 2,5.7,1.3,75.9,81.9,50.7,47.7,8,90.1,3,122400,1,1,1,0.7830494753034356,0.595
21,Female,PhD,Tier 2,0.0,5.4,84.9,81.3,64.8,45.2,1,46.8,1,116500,0,0,0,0.06368717919742437,0.205
29,Non-Binary,Bachelor's,Tier 1,3.1,0.0,45.7,82.0,51.1,32.4,5,43.1,0,137600,0,0,0,0.025421438092957677,0.035
31,Male,Master's,Tier 2,4.0,3.4,71.0,55.0,65.2,56.3,2,32.7,0,163400,0,0,0,0.04104542866590897,0.17
33,Non-Binary,Bachelor's,Tier 1,4.6,0.0,66.7,87.4,63.5,43.0,6,43.8,1,82700,1,0,0,0.33778481823378614,0.345
33,Male,Master's,Tier 2,3.4,2.7,82.1,66.9,66.2,63.2,4,39.2,1,200500,0,0,0,0.28292200199341927,0.405
31,Female,Master's,Tier 3,9.0,3.6,85.2,83.6,65.0,63.6,5,52.5,1,150500,1,1,1,0.7756184132697334,0.865
21,Male,Bachelor's,Tier 3,1.7,6.7,100.0,86.2,71.0,58.3,5,50.1,1,157500,1,1,1,0.5338679953992156,0.68
26,Female,Bachelor's,Tier 2,4.4,2.4,76.7,71.7,53.2,54.9,4,65.3,1,158000,0,0,0,0.26217204993645216,0.35
29,Female,Bachelor's,Tier 3,4.5,2.1,66.6,59.3,43.5,37.9,7,34.4,2,87900,0,0,0,0.005689559515091128,0.015
33,Female,Bachelor's,Tier 3,3.9,1.2,73.9,85.9,60.8,49.5,5,78.6,2,132500,1,1,1,0.5546377903490848,0.645
26,Female,Master's,Tier 3,8.6,0.0,68.0,89.6,64.1,55.0,2,30.6,0,99100,0,0,0,0.28511147156512523,0.405
27,Female,Bachelor's,Tier 3,6.4,0.0,96.7,88.1,64.6,56.7,7,61.1,2,119900,1,1,1,0.8429217085002587,0.785
25,Male,Master's,Tier 3,2.3,1.2,72.2,80.3,56.8,43.4,5,81.7,2,107700,1,0,0,0.36080984128513477,0.275
23,Non-Binary,Bachelor's,Tier 2,4.2,0.0,41.6,86.2,60.3,26.1,4,44.8,2,129400,0,0,0,0.028280044918233643,0.125
21,Male,Bachelor's,Tier 2,2.0,2.2,49.4,72.5,59.0,40.0,4,54.8,1,83300,0,0,0,0.042253528807268646,0.12
37,Male,PhD,Tier 2,8.6,2.6,56.8,91.5,59.3,48.2,9,55.6,4,134900,1,1,1,0.779448688818669,0.66
24,Male,PhD,Tier 3,5.5,1.7,50.4,77.2,45.1,20.0,4,43.2,4,94100,0,0,0,0.007471046215701816,0.03
26,Female,Bachelor's,Tier 1,1.0,0.1,43.5,69.4,36.0,29.6,2,28.0,2,163900,0,0,0,0.0012271888283292903,0.04
29,Male,Master's,Tier 2,3.0,0.7,76.4,51.0,50.9,52.7,6,54.0,0,69800,0,0,0,0.06028403133184434,0.16
27,Male,Master's,Tier 3,4.8,1.9,93.5,85.0,67.2,62.4,2,44.4,3,126500,0,1,1,0.664110870688921,0.795
32,Female,Bachelor's,Tier 3,5.5,0.0,68.7,73.4,53.4,67.1,4,74.2,2,114600,0,1,0,0.5475122883167693,0.48
29,Female,Bachelor's,Tier 3,6.7,7.0,50.5,81.3,51.3,36.8,7,61.3,5,94400,0,0,0,0.11856905207216634,0.135
21,Female,Bachelor's,Tier 2,0.5,1.7,73.3,79.8,60.8,52.1,3,46.8,1,76600,0,0,0,0.10533669012551053,0.08
30,Female,Master's,Tier 1,6.9,0.0,59.9,76.8,50.0,32.8,6,67.7,2,157300,0,0,0,0.24899910215722212,0.345
40,Male,Master's,Tier 2,4.7,0.4,56.0,90.6,57.9,20.0,2,52.2,2,76600,0,0,0,0.07125351832712933,0.31
34,Male,Master's,Tier 1,6.0,1.2,58.3,58.6,55.6,51.4,5,51.3,3,131600,0,0,0,0.20152949964349737,0.2
29,Male,Bachelor's,Tier 1,0.7,0.0,75.1,81.8,51.4,54.4,2,47.6,1,153000,0,0,0,0.19899115108811527,0.29
30,Female,Master's,Tier 2,2.1,0.7,84.2,59.0,63.5,65.3,2,51.9,3,111400,0,0,0,0.2311327261749996,0.32
25,Female,Bachelor's,Tier 2,0.0,3.5,91.9,79.2,82.9,64.7,6,63.0,2,163000,1,1,1,0.7995642895247901,0.72
28,Female,Master's,Tier 3,4.3,2.0,93.3,63.5,60.6,64.7,7,48.8,1,192600,0,0,1,0.30339381127334863,0.59
32,Male,Bachelor's,Tier 3,11.2,3.7,54.3,60.9,46.7,41.2,4,63.3,2,143800,0,0,0,0.08098972949380877,0.125
24,Female,Bachelor's,Tier 2,5.1,0.0,69.7,92.6,73.2,54.0,6,48.7,1,150800,1,1,1,0.6937026418911855,0.665
38,Female,Bachelor's,Tier 1,5.9,0.0,65.9,89.1,59.2,54.6,5,49.2,0,83300,0,1,1,0.5891881938199571,0.645
24,Male,Master's,Tier 1,4.7,0.0,81.1,59.2,50.4,66.9,3,49.9,4,140300,1,0,0,0.4251547151874214,0.305
32,Male,Master's,Tier 3,11.8,0.0,57.0,89.9,63.3,35.1,4,41.7,1,98700,1,0,0,0.3269022809696659,0.275
21,Female,Bachelor's,Tier 3,0.0,1.7,73.3,84.3,67.3,52.3,2,58.3,0,118400,0,0,0,0.1350311599095571,0.325
29,Male,Bachelor's,Tier 3,4.2,0.0,54.6,90.0,59.7,57.7,7,62.3,1,79300,0,1,1,0.5715622228225182,0.57
21,Female,Bachelor's,Tier 2,3.1,1.0,41.3,72.8,36.6,23.8,5,33.0,4,73000,0,0,0,0.0021814345402408346,0.015
22,Male,Master's,Tier 2,0.0,1.6,49.4,81.6,42.3,36.3,3,42.2,0,88600,0,0,0,0.008745387773880732,0.01
35,Female,Bachelor's,Tier 3,4.4,0.5,81.1,93.4,61.9,45.2,5,50.7,2,99400,0,0,1,0.383704969279733,0.52
28,Male,PhD,Tier 2,4.5,0.1,85.7,47.2,54.7,62.6,3,49.8,3,124600,0,0,0,0.126032203676652,0.25
33,Female,PhD,Tier 1,3.5,3.9,97.9,84.6,76.6,65.8,6,40.6,2,184000,0,1,1,0.8486808746271045,0.785
35,Male,Master's,Tier 3,3.2,1.0,40.7,72.7,41.7,40.5,3,20.9,5,103100,0,0,0,0.004689708135060765,0.035
27,Female,Bachelor's,Tier 3,1.2,4.2,71.1,74.2,59.7,55.1,3,46.4,1,97100,1,0,0,0.05173774140466254,0.055
27,Female,PhD,Tier 3,3.1,1.4,79.4,93.4,62.0,58.0,3,58.1,4,170300,0,1,1,0.5619489233217773,0.57
34,Non-Binary,Bachelor's,Tier 3,7.1,3.1,61.7,63.4,50.5,42.8,2,57.7,3,83000,0,0,0,0.036349370740867755,0.095
28,Female,Bachelor's,Tier 3,2.9,0.0,73.5,73.4,61.2,61.8,3,44.9,1,97100,1,0,0,0.13777582807917368,0.11
26,Male,Bachelor's,Tier 1,1.2,2.3,81.9,74.9,65.4,43.1,5,66.8,0,151300,0,0,0,0.34383536651069463,0.435
33,Male,Master's,Tier 1,12.9,1.6,77.4,71.5,59.4,52.6,3,42.0,3,112700,1,1,0,0.7284464687155311,0.455
31,Female,Master's,Tier 2,6.4,0.4,96.2,71.1,70.4,68.1,5,56.0,0,203600,1,1,1,0.8117713866188967,0.915
38,Female,Bachelor's,Tier 1,10.5,1.0,69.7,90.8,58.5,49.1,9,59.2,1,169300,0,1,1,0.8897330401186512,0.77
39,Non-Binary,Bachelor's,Tier 2,4.9,2.4,67.0,70.4,51.1,40.8,4,43.5,0,102100,0,0,0,0.029091719733415032,0.085
21,Female,Master's,Tier 3,10.5,0.0,96.5,69.9,68.2,84.7,7,62.4,2,207200,1,1,1,0.9727370847204599,0.885
21,Female,Bachelor's,Tier 2,3.7,0.0,57.0,77.5,42.6,40.1,4,69.5,0,83700,0,0,0,0.061922656776724504,0.17
30,Female,Bachelor's,Tier 3,1.7,1.8,70.8,75.4,49.1,54.6,5,49.2,2,70700,0,0,0,0.06759896536342769,0.11
30,Female,Bachelor's,Tier 1,7.5,0.0,83.9,82.5,72.6,71.7,6,58.2,2,164500,1,1,1,0.9667607458933741,0.915
40,Male,PhD,Tier 2,7.9,0.2,54.4,68.1,49.8,48.1,5,29.8,2,213600,0,0,0,0.0545846228647796,0.125
24,Female,Bachelor's,Tier 3,4.1,0.0,50.9,70.4,44.4,41.3,3,56.1,1,75500,0,0,0,0.014864623253225436,0.015
31,Female,Bachelor's,Tier 3,7.1,0.0,53.3,69.7,42.9,45.2,2,48.1,1,72200,0,0,0,0.02143279967111286,0.07
31,Male,Master's,Tier 2,5.9,16.2,58.3,73.4,49.8,44.5,4,47.5,1,97000,0,0,0,0.04302468682847019,0.08
37,Female,Bachelor's,Tier 3,3.4,0.0,77.3,79.4,58.9,47.4,3,44.6,2,122900,0,0,0,0.09903865786790864,0.205
34,Male,Master's,Tier 2,12.8,2.6,48.4,87.7,46.4,39.6,5,50.2,3,126000,0,0,0,0.4292386978446521,0.135
32,Non-Binary,Bachelor's,Tier 1,2.8,0.0,66.9,79.5,53.0,26.0,3,57.5,4,123000,0,0,0,0.06757890362374841,0.14
31,Female,Bachelor's,Tier 3,2.9,0.0,52.8,81.3,50.3,25.7,4,56.8,1,92400,0,0,0,0.013511027504867452,0.015
28,Male,Master's,Tier 3,6.8,0.0,79.1,69.1,63.6,57.1,6,50.4,5,121000,0,1,0,0.5640700264291043,0.43
29,Female,Bachelor's,Tier 2,5.3,0.0,88.1,93.7,82.2,49.4,5,68.2,1,164000,1,1,1,0.9158255275508979,0.785
27,Female,Master's,Tier 1,1.1,0.0,63.7,72.7,65.6,45.3,3,35.8,4,48400,0,0,0,0.08941293998970347,0.225
27,Male,Master's,Tier 3,3.1,11.2,61.2,65.2,50.7,47.7,2,42.7,1,70900,0,0,0,0.010302651610424356,0.03
31,Male,Master's,Tier 2,7.5,0.0,93.6,81.4,82.8,69.2,7,78.2,3,254200,1,1,1,0.9934450556534486,0.99
29,Male,Bachelor's,Tier 3,2.6,0.9,52.7,89.6,59.7,48.3,2,42.8,3,90700,0,0,0,0.1094332275447451,0.105
29,Male,Bachelor's,Tier 1,4.4,2.1,88.9,72.2,73.0,59.4,2,38.0,1,110300,0,1,0,0.506339450754042,0.41
32,Male,Bachelor's,Tier 3,1.9,0.0,67.7,83.1,62.5,54.0,10,64.1,0,76100,1,0,0,0.4881731130307823,0.405
25,Male,Bachelor's,Tier 1,2.2,0.8,70.6,79.7,55.1,45.9,8,80.8,4,61200,1,1,0,0.7209734088321195,0.4
28,Female,Bachelor's,Tier 2,5.4,1.2,88.7,78.5,70.2,72.7,4,77.3,2,116400,1,1,1,0.9462501039208178,0.97
31,Female,Bachelor's,Tier 2,9.8,0.0,74.4,62.5,45.5,56.2,5,59.3,3,182900,0,0,1,0.3462876883233668,0.525
23,Male,Bachelor's,Tier 3,1.3,0.0,64.0,79.9,63.6,39.9,7,84.5,3,75900,0,0,0,0.38494986945155213,0.315
27,Male,PhD,Tier 3,0.3,0.4,56.7,69.3,43.9,55.6,5,51.4,1,97600,0,0,0,0.025053643549686123,0.065
37,Female,Master's,Tier 3,9.4,0.9,81.6,100.0,73.7,61.1,7,76.6,1,210700,1,1,1,0.983334483914486,0.93
37,Female,Bachelor's,Tier 2,6.8,0.0,66.0,64.9,37.1,41.8,3,72.0,3,110200,0,0,0,0.08805365571877583,0.225
24,Non-Binary,Master's,Tier 3,1.4,2.9,95.1,88.3,64.6,52.6,2,53.4,3,102100,1,0,0,0.35362684947738826,0.475
36,Male,Bachelor's,Tier 2,6.8,1.4,67.0,85.2,71.8,69.5,6,55.1,2,134900,1,1,1,0.9167939865874214,0.705
37,Male,Bachelor's,Tier 2,3.4,0.9,46.8,65.8,46.0,40.7,1,17.1,1,76200,0,0,0,0.0026397907483126297,0.005
23,Male,PhD,Tier 2,2.4,3.4,50.6,70.6,35.1,34.6,5,42.0,6,79200,0,0,0,0.009337022739662153,0.06
30,Female,Master's,Tier 2,7.6,0.7,92.8,78.5,64.5,59.8,6,69.7,0,94400,1,1,1,0.883704606597952,0.83
35,Male,Bachelor's,Tier 1,5.1,0.0,86.7,82.2,64.7,50.0,6,59.1,4,277800,1,1,1,0.8348993476929234,0.73
22,Female,Bachelor's,Tier 2,0.0,0.0,70.8,79.4,54.5,64.4,2,4.5,2,62700,0,0,0,0.025234708017000895,0.125
32,Male,Bachelor's,Tier 3,4.5,2.3,81.9,75.0,63.1,73.8,2,26.7,1,100500,0,0,0,0.2739551643215145,0.38
30,Male,Bachelor's,Tier 2,6.4,1.3,80.6,78.7,68.3,43.1,4,41.8,1,125700,0,0,0,0.3111837212444066,0.4
21,Male,Master's,Tier 3,0.0,0.3,70.1,84.0,69.3,47.1,3,63.0,3,71100,0,0,0,0.28831342134000076,0.26
28,Female,Master's,Tier 2,1.3,0.0,67.0,68.0,54.8,63.2,5,76.2,2,105500,0,0,0,0.39183581406773704,0.255
22,Male,Bachelor's,Tier 1,0.0,3.1,69.1,63.0,53.3,63.1,5,66.1,1,75100,1,0,0,0.24224827011740943,0.285
24,Non-Binary,PhD,Tier 3,5.6,5.4,54.5,50.6,43.0,30.5,6,59.0,2,78200,0,0,0,0.003219586120473784,0.025
28,Male,Master's,Tier 3,0.2,0.0,86.3,73.7,72.9,48.7,4,62.9,0,104100,0,0,0,0.2592895758754916,0.43
21,Male,Bachelor's,Tier 3,0.0,0.0,40.7,88.5,49.0,47.3,6,71.6,1,53900,1,0,0,0.11470860099050369,0.2
34,Male,Bachelor's,Tier 3,4.4,1.5,65.2,98.7,57.1,58.5,2,25.4,2,82200,1,0,0,0.24018470471976983,0.22
25,Female,Master's,Tier 2,2.7,0.0,76.8,79.1,65.0,46.5,8,59.8,1,132800,1,0,0,0.4047774705182685,0.355
21,Male,Master's,Tier 1,0.6,6.6,93.8,74.9,72.6,69.7,4,62.2,1,102900,1,1,1,0.8170437269586103,0.61
36,Male,Bachelor's,Tier 3,2.9,0.0,70.3,81.0,56.1,55.1,2,52.4,1,100100,0,0,0,0.17499241880766792,0.27
25,Male,Master's,Tier 2,1.2,0.0,90.6,89.4,73.7,77.4,6,58.6,1,107400,1,1,1,0.954108661987422,0.9
30,Female,Bachelor's,Tier 2,2.8,0.4,56.3,52.3,33.2,41.9,5,28.7,1,78900,0,0,0,0.0014404932385636332,0.03
35,Male,Master's,Tier 3,4.2,1.0,99.5,78.2,77.9,70.1,2,55.0,1,139400,1,1,1,0.8417097756270685,0.75
27,Male,Master's,Tier 2,5.0,4.7,62.1,95.0,56.6,45.2,4,31.8,2,143100,1,0,0,0.19864707022906733,0.145
33,Male,Master's,Tier 3,9.7,0.0,71.9,81.7,69.2,60.8,8,88.2,3,156800,1,1,1,0.9773698532760594,0.825
33,Male,PhD,Tier 1,2.6,0.0,54.1,78.0,44.3,39.9,4,35.8,2,72000,0,0,0,0.03144409026737854,0.025
37,Female,Bachelor's,Tier 3,5.8,0.0,58.3,76.1,57.6,36.7,4,48.5,0,124500,0,0,0,0.03705414791133135,0.075
21,Female,PhD,Tier 1,1.3,0.0,72.0,72.0,49.2,53.3,3,36.4,1,96500,0,0,0,0.04558801361867766,0.14
36,Female,Bachelor's,Tier 2,7.0,0.7,67.6,85.0,57.5,45.2,7,73.4,2,111500,0,1,1,0.6705311505683399,0.645
36,Female,Bachelor's,Tier 2,2.9,0.0,76.8,87.5,66.4,44.1,2,45.4,3,89600,0,0,0,0.25400075198807087,0.33
32,Female,PhD,Tier 3,13.3,0.6,67.8,61.6,45.3,55.6,9,81.4,2,135500,0,1,0,0.6382946759678536,0.485
33,Female,Master's,Tier 2,5.1,7.0,93.8,91.5,77.4,76.4,1,41.2,1,116000,1,1,1,0.8863308400926471,0.73
33,Female,Bachelor's,Tier 3,2.7,2.4,66.3,86.8,68.9,41.9,3,39.7,2,118000,0,0,0,0.08027194094108776,0.13
27,Female,Bachelor's,Tier 2,1.7,1.0,83.2,87.7,69.4,51.7,5,62.9,0,113300,1,1,1,0.5545020804116878,0.64
28,Female,Master's,Tier 3,1.5,0.0,82.8,78.8,59.0,51.8,5,45.6,0,93000,0,0,0,0.11407603171197961,0.175
33,Female,Bachelor's,Tier 1,5.5,2.1,82.3,67.0,59.0,48.9,4,51.4,0,273500,0,0,0,0.19746621443684018,0.395
32,Male,Master's,Tier 2,2.3,0.7,42.0,79.0,43.8,20.0,6,61.0,2,113900,1,0,0,0.016400581670218087,0.085
40,Male,Master's,Tier 1,4.5,1.7,72.9,77.0,62.9,43.4,5,64.2,1,168900,0,1,1,0.5113265911682592,0.515
26,Male,Bachelor's,Tier 1,2.0,1.8,73.9,81.6,66.0,48.5,2,26.2,1,143400,1,0,0,0.12268751519395157,0.155
29,Male,Bachelor's,Tier 1,1.1,0.0,79.8,64.7,55.4,39.0,1,45.5,2,93200,0,0,0,0.038156686734330654,0.035
27,Female,Bachelor's,Tier 2,7.7,0.6,77.1,73.3,60.9,62.0,3,64.0,3,148400,0,1,1,0.6994300785582976,0.69
26,Male,Bachelor's,Tier 1,7.2,0.0,74.3,76.3,56.4,61.2,2,63.1,2,158200,1,1,1,0.7557542006560316,0.58
27,Non-Binary,Bachelor's,Tier 2,1.7,4.9,60.3,76.5,60.9,31.1,2,35.6,4,78400,0,0,0,0.012232350567997383,0.045
30,Female,Bachelor's,Tier 2,5.5,0.0,84.4,87.1,68.3,46.4,8,82.1,5,95600,1,1,1,0.931292006522316,0.845
34,Male,Bachelor's,Tier 3,7.2,3.7,81.3,51.3,42.7,66.5,3,57.3,4,144200,0,0,0,0.1608113787497281,0.375
33,Female,PhD,Tier 3,6.0,0.0,45.2,73.3,39.7,31.5,4,33.7,4,94500,0,0,0,0.0050087318705252844,0.015
24,Male,Bachelor's,Tier 2,0.8,0.0,75.0,81.4,67.0,61.8,3,47.6,0,76300,0,0,0,0.3579632934433443,0.245
38,Male,Bachelor's,Tier 2,6.4,2.1,55.7,70.2,53.8,44.2,9,80.1,3,138300,0,0,0,0.49583368228408503,0.395
33,Male,Master's,Tier 3,6.5,1.3,67.8,66.4,57.8,44.0,2,40.6,5,148800,1,0,0,0.07364995137851388,0.21
31,Female,Master's,Tier 3,5.1,0.7,50.7,80.0,49.3,54.7,4,68.6,3,91800,1,0,0,0.25473623743078416,0.23
33,Male,Master's,Tier 3,9.6,0.0,68.4,76.5,53.1,33.6,9,67.3,1,93700,1,0,0,0.3737260806704611,0.46
32,Male,Bachelor's,Tier 3,7.9,4.6,75.2,61.2,51.7,66.6,4,31.6,1,115200,0,0,0,0.10799513398354911,0.2
27,Male,Master's,Tier 3,10.8,0.9,97.1,92.1,78.2,73.5,8,69.6,2,250700,1,1,1,0.9962157699786884,0.95
30,Male,Master's,Tier 3,7.6,0.1,81.9,95.3,70.1,67.4,6,75.5,2,95500,1,1,1,0.9829237476457221,0.865
31,Male,Master's,Tier 3,5.1,4.7,92.7,81.2,60.5,72.2,4,46.5,2,153900,1,1,1,0.7076053849636949,0.72
34,Female,Bachelor's,Tier 3,7.7,0.8,73.1,90.1,65.4,47.1,8,51.2,1,94400,1,1,1,0.5764425704684618,0.66
35,Male,PhD,Tier 1,7.8,0.0,76.7,84.0,72.7,52.8,4,39.9,5,221900,1,1,1,0.8211023639535311,0.73
29,Male,Bachelor's,Tier 3,5.4,0.0,48.8,96.4,53.5,20.0,5,40.7,2,98000,0,0,0,0.03496331602188511,0.11
21,Male,Master's,Tier 3,5.2,3.9,61.4,81.4,56.9,49.0,10,80.7,0,106300,0,1,0,0.5785000953190577,0.5
21,Male,Bachelor's,Tier 3,0.7,0.0,59.6,86.1,67.1,41.8,5,27.0,1,67400,0,0,0,0.03807555642756792,0.15
22,Male,Bachelor's,Tier 2,0.0,5.8,77.7,73.3,68.7,47.0,2,65.3,1,90900,0,0,0,0.16101507708431545,0.3
30,Male,Bachelor's,Tier 3,3.2,4.8,68.9,78.5,65.2,39.8,2,53.3,3,110000,0,0,0,0.09160663557230231,0.135
28,Female,Master's,Tier 1,1.5,0.0,59.0,80.0,45.0,36.7,6,62.4,0,95400,0,0,0,0.07619270722044207,0.05
29,Female,PhD,Tier 1,6.8,1.3,72.2,68.0,68.8,40.4,3,51.7,2,126600,0,0,0,0.216435590318238,0.265
29,Male,Master's,Tier 3,14.4,3.7,53.2,86.9,63.5,57.0,7,36.6,2,221000,1,1,0,0.7374299870918585,0.5
34,Female,Bachelor's,Tier 2,4.9,1.2,74.8,69.8,54.4,66.2,2,39.1,0,177000,0,0,0,0.1450625886975325,0.355
26,Male,Bachelor's,Tier 2,1.9,0.0,85.4,76.1,69.1,62.1,1,53.5,1,187900,1,0,1,0.4548862526357805,0.68
30,Male,Master's,Tier 3,2.6,3.3,91.1,89.7,69.7,68.1,5,56.7,0,207800,1,1,1,0.8058658711491226,0.91
25,Male,Bachelor's,Tier 1,1.4,0.0,68.4,67.1,49.4,40.2,1,35.9,2,72000,0,0,0,0.01788063912053338,0.06
27,Male,Master's,Tier 3,1.6,1.7,85.9,93.3,70.5,56.8,1,38.5,1,87300,0,0,0,0.37486539922532836,0.445
29,Female,Master's,Tier 1,0.5,1.0,50.3,87.8,55.6,55.5,6,79.1,1,92400,1,1,0,0.5748761722112108,0.465
26,Non-Binary,Bachelor's,Tier 3,0.0,0.0,51.0,68.8,45.6,39.4,4,36.0,0,110100,0,0,0,0.0019529047635479288,0.015
31,Male,Bachelor's,Tier 3,6.0,0.0,82.4,90.0,65.7,62.1,3,54.3,0,183100,1,1,1,0.7276365469684034,0.795
25,Male,Master's,Tier 3,3.9,0.0,43.0,77.7,50.1,33.2,4,22.4,3,80800,0,0,0,0.006822446966007973,0.01
24,Female,Master's,Tier 3,1.2,0.0,73.6,96.2,68.7,55.6,5,64.6,2,50100,1,1,1,0.6683805414549595,0.505
26,Male,Master's,Tier 2,0.3,0.0,86.0,90.6,62.6,66.8,1,63.3,0,113200,1,1,1,0.7225446690262501,0.62
34,Male,Bachelor's,Tier 3,1.8,0.8,58.8,77.8,54.5,46.6,7,82.2,2,72600,1,0,0,0.2961643406821164,0.33
27,Male,Master's,Tier 3,5.4,0.6,61.7,72.0,55.0,38.1,8,67.5,1,146600,0,0,0,0.16030396768340874,0.185
26,Male,Bachelor's,Tier 2,2.4,0.0,80.8,83.5,72.2,50.1,6,69.1,1,119400,0,1,1,0.7277740856284646,0.64
33,Female,Bachelor's,Tier 1,2.1,3.6,58.2,72.6,50.9,43.8,5,57.5,1,78200,0,0,0,0.0702899272440049,0.095
30,Female,Master's,Tier 1,2.9,0.0,91.3,77.4,71.7,72.5,1,48.7,3,168900,1,1,1,0.8193536175967984,0.81
27,Male,PhD,Tier 3,6.5,7.8,63.0,90.0,52.8,42.1,4,32.7,2,84500,0,0,0,0.06726224026494923,0.085
26,Male,Bachelor's,Tier 3,3.5,0.0,42.6,81.7,42.6,39.7,8,63.4,2,98200,0,0,0,0.0704383373816694,0.07
37,Male,Master's,Tier 3,6.8,3.3,65.1,99.8,61.1,65.3,3,53.8,2,107600,1,1,1,0.8282732562678328,0.555
31,Male,Master's,Tier 2,6.0,0.8,80.5,100.0,77.0,82.0,5,78.0,2,100500,1,1,1,0.9970772991325528,0.9
29,Male,Bachelor's,Tier 3,5.5,4.9,61.1,75.6,52.3,46.1,6,49.8,3,93100,0,0,0,0.10825969917175632,0.09
28,Female,Bachelor's,Tier 2,3.0,0.0,92.7,90.5,63.7,69.8,3,52.4,2,122100,1,1,1,0.8193093749901449,0.77
35,Male,Master's,Tier 3,11.3,1.4,42.2,78.9,43.4,40.1,3,51.0,1,130100,0,0,0,0.0848299598377326,0.075
24,Female,Bachelor's,Tier 2,2.3,0.0,47.9,83.8,45.6,30.4,4,50.8,2,73200,0,0,0,0.018734394699940142,0.005
32,Male,Master's,Tier 1,3.2,3.7,69.4,92.5,53.0,41.6,3,64.0,1,140600,0,0,0,0.42005665723995966,0.48
35,Non-Binary,Bachelor's,Tier 2,3.6,0.0,68.8,62.7,54.4,55.4,5,73.6,3,102300,1,0,0,0.27527343558124734,0.395
28,Non-Binary,Bachelor's,Tier 2,7.1,0.8,91.4,83.8,82.6,72.1,8,70.1,0,113500,1,1,1,0.9831191908759428,0.91
28,Female,Bachelor's,Tier 3,2.4,2.5,68.0,81.5,67.8,60.5,4,62.1,2,112800,0,0,1,0.40229186665908134,0.55
21,Male,Bachelor's,Tier 3,0.1,8.1,55.3,70.9,41.4,20.0,3,38.3,2,103000,0,0,0,0.0006454516696580705,0.015
25,Male,PhD,Tier 2,4.2,0.0,64.7,93.7,61.7,21.1,3,47.2,1,71200,0,0,0,0.07633529764158223,0.13
31,Male,Bachelor's,Tier 3,17.0,1.6,78.4,77.8,55.5,64.9,5,62.5,3,115500,1,1,1,0.9526998464321086,0.785
29,Male,Bachelor's,Tier 1,1.7,2.5,57.5,72.3,58.4,34.3,1,37.4,0,69000,0,0,0,0.014891375668782746,0.085
24,Female,Bachelor's,Tier 3,0.3,1.4,60.3,56.6,50.3,59.6,1,27.3,2,69700,0,0,0,0.003850839588922746,0.045
22,Female,Bachelor's,Tier 2,0.0,1.0,67.5,84.2,66.5,51.0,4,58.5,1,72700,0,0,0,0.23388549734073572,0.275
24,Male,Bachelor's,Tier 2,8.2,0.0,70.4,70.0,61.6,67.9,3,51.5,3,147200,0,1,1,0.6814571718198066,0.545
25,Male,Master's,Tier 2,0.0,0.0,48.2,62.5,47.9,37.9,4,69.6,2,80600,0,0,0,0.021424980092538463,0.075
26,Male,PhD,Tier 3,4.9,1.5,80.3,71.5,58.9,45.7,7,73.5,1,153400,1,0,1,0.3378593527220563,0.535
22,Male,Master's,Tier 3,1.8,3.2,48.0,69.8,52.9,43.1,5,70.7,4,93100,1,0,0,0.06822365175012737,0.095
40,Female,Bachelor's,Tier 3,9.5,0.0,66.8,50.4,53.2,54.0,7,46.2,0,174700,0,0,0,0.06299887966033474,0.345
24,Male,Bachelor's,Tier 2,0.0,0.3,75.1,75.9,61.5,61.5,5,66.5,1,83800,0,0,0,0.4625656938047324,0.42
26,Female,Master's,Tier 2,0.0,0.8,67.7,84.9,64.5,45.4,2,43.0,1,101900,0,0,0,0.07818367990797419,0.135
39,Male,PhD,Tier 3,10.6,2.3,30.0,69.8,37.9,20.0,3,19.5,5,109800,0,0,0,0.0017783467075964485,0.07
24,Male,Bachelor's,Tier 3,0.0,1.9,71.7,89.6,62.5,37.9,2,34.4,2,74500,0,0,0,0.03594120116165346,0.07
39,Female,PhD,Tier 2,11.1,0.9,64.2,89.8,61.4,43.5,5,58.0,2,207400,1,1,1,0.669242790833233,0.56
29,Female,Bachelor's,Tier 2,0.7,1.7,74.5,84.7,59.2,52.2,4,53.3,3,79900,1,0,0,0.2551416362933997,0.27
28,Female,Master's,Tier 2,1.2,0.0,89.7,78.3,71.5,75.1,3,63.2,3,86900,1,1,1,0.8609934798171685,0.81
21,Male,Bachelor's,Tier 2,1.1,0.0,88.4,86.1,72.1,61.5,2,47.2,1,126300,1,1,1,0.5851361872890285,0.625
23,Non-Binary,Master's,Tier 3,0.7,0.4,81.5,76.5,70.4,68.2,3,49.6,2,99700,0,0,0,0.3619513771291073,0.49
30,Male,Bachelor's,Tier 2,1.6,1.3,75.2,66.7,57.1,65.0,1,30.5,0,147500,0,0,0,0.058051876415110684,0.195
30,Female,Bachelor's,Tier 3,5.3,3.1,58.3,68.1,39.2,49.6,4,42.1,0,94000,0,0,0,0.01224706781614403,0.035
38,Female,PhD,Tier 2,7.2,0.0,53.3,66.3,48.8,44.0,5,62.5,1,118600,0,0,0,0.08627298720767283,0.15
30,Female,Bachelor's,Tier 1,4.4,0.0,69.4,57.6,56.3,48.0,2,34.5,0,137700,0,0,0,0.02510839679568761,0.095
29,Male,Master's,Tier 2,3.2,0.0,62.0,74.0,47.1,47.5,5,64.1,4,92400,0,0,0,0.2249618324941745,0.16
31,Female,Bachelor's,Tier 2,3.4,0.0,92.4,73.3,77.4,71.6,3,42.7,4,137700,1,1,1,0.7511839186084364,0.715
28,Female,Bachelor's,Tier 3,5.7,0.0,57.2,51.0,43.9,47.3,8,60.0,1,154100,0,0,0,0.022158666936801654,0.14
33,Non-Binary,Master's,Tier 2,8.2,0.0,66.7,82.8,53.7,36.6,6,40.4,1,123900,0,0,0,0.1486499971474211,0.185
28,Female,Bachelor's,Tier 3,2.9,1.8,70.5,64.3,59.9,59.4,5,78.7,2,116800,0,0,0,0.29211963297525423,0.385
27,Female,Master's,Tier 1,1.4,7.8,95.3,94.1,81.1,61.5,3,57.8,0,129400,1,1,1,0.8757191532975922,0.75
21,Male,Bachelor's,Tier 2,1.9,0.0,97.1,89.4,72.5,62.4,2,57.2,1,85800,1,1,1,0.8244035693218006,0.69
24,Female,Bachelor's,Tier 3,1.7,1.3,62.0,78.1,65.3,49.6,7,71.4,0,96200,0,0,0,0.22504226822704249,0.415
26,Male,Bachelor's,Tier 1,2.9,12.1,79.8,66.4,58.0,54.0,9,78.4,0,145000,1,0,1,0.49733251337370127,0.585
23,Male,Bachelor's,Tier 2,10.0,0.2,76.9,75.5,65.2,44.8,7,55.5,1,147900,0,1,0,0.6488703117473603,0.45
22,Male,Bachelor's,Tier 2,3.9,1.0,67.0,88.9,55.4,57.2,4,54.1,2,90800,1,1,1,0.5088979513452548,0.51
27,Male,Master's,Tier 2,1.1,0.0,63.8,53.8,50.8,54.1,3,50.0,2,75200,0,0,0,0.03016248823867221,0.09
29,Female,Master's,Tier 3,7.7,0.0,36.3,82.6,57.6,20.0,4,31.5,5,93800,0,0,0,0.014139994949232845,0.105
34,Male,Bachelor's,Tier 2,6.8,2.3,100.0,88.4,78.9,71.0,9,92.3,2,111400,1,1,1,0.9977029605704628,0.955
29,Male,Bachelor's,Tier 3,3.4,6.5,64.7,79.2,58.8,48.9,3,65.0,0,84900,0,0,0,0.13820109338099631,0.185
24,Female,Bachelor's,Tier 1,1.5,4.3,73.4,77.8,53.9,51.1,2,47.9,2,104300,0,0,0,0.11302690812782433,0.09
28,Male,Bachelor's,Tier 1,2.2,1.6,78.2,73.7,50.7,78.7,3,47.3,1,152500,0,1,0,0.5412729490499344,0.43
37,Male,PhD,Tier 1,6.3,0.0,70.8,97.6,61.9,37.9,5,58.2,5,168700,1,1,1,0.7981987524122021,0.655
24,Male,Master's,Tier 2,0.0,0.1,54.9,64.3,32.8,39.4,1,35.5,1,69000,0,0,0,0.0018562153885850249,0.025
31,Male,Bachelor's,Tier 1,1.7,0.3,83.8,78.9,69.1,56.3,6,77.9,1,89200,0,1,1,0.8638416835676358,0.655
26,Male,Master's,Tier 3,0.0,0.0,30.7,79.5,35.2,34.3,3,39.5,1,74400,0,0,0,0.0018967272019870792,0.01
25,Female,Bachelor's,Tier 2,4.9,4.3,40.8,58.8,33.0,39.0,3,53.8,1,116100,0,0,0,0.003433468811987298,0.015
26,Male,PhD,Tier 3,2.0,0.7,35.9,78.3,43.9,30.8,1,29.5,4,109700,0,0,0,0.002029793924515279,0.005
29,Male,Master's,Tier 1,2.1,1.0,81.2,81.6,70.3,69.7,5,62.5,1,116700,1,1,1,0.9046139028896947,0.875
29,Female,Bachelor's,Tier 3,5.3,0.0,68.1,79.7,56.2,50.8,5,69.1,4,137900,0,0,0,0.41755781662835767,0.5
32,Male,Master's,Tier 3,10.6,2.1,67.3,76.1,61.8,55.8,8,81.4,2,149700,1,1,1,0.8961013306137571,0.72
31,Male,PhD,Tier 1,6.3,1.3,77.0,89.7,72.8,62.0,3,65.2,1,156900,1,1,1,0.9377981438855666,0.795
32,Female,Bachelor's,Tier 3,8.4,0.2,61.4,74.3,58.6,47.1,6,81.8,3,125200,0,1,1,0.5533653110983832,0.715
34,Female,Bachelor's,Tier 2,3.9,7.8,73.3,71.8,60.2,59.2,5,36.6,3,100000,1,0,0,0.15027142645321462,0.235
26,Female,Master's,Tier 1,2.1,1.5,96.5,66.5,70.7,67.8,3,29.4,1,94900,0,0,1,0.35643779455518987,0.565
34,Female,Bachelor's,Tier 2,3.1,1.0,75.8,76.2,55.7,38.5,7,57.9,2,102800,0,0,0,0.148936486693639,0.175
21,Female,Master's,Tier 3,4.0,0.0,55.9,84.8,54.9,43.8,2,47.6,1,93500,0,0,0,0.05461871282270357,0.085
24,Female,Bachelor's,Tier 2,4.7,0.0,79.7,87.3,70.7,64.0,4,54.5,2,98700,0,1,1,0.8091910936054971,0.845
21,Male,Bachelor's,Tier 3,4.3,2.5,92.3,71.4,70.9,66.3,3,56.0,1,112700,1,1,1,0.5813972239938808,0.7
37,Male,Bachelor's,Tier 2,5.7,0.0,74.4,90.5,56.0,56.2,5,61.1,1,109000,1,1,1,0.7527206196057264,0.69
35,Female,Bachelor's,Tier 1,3.9,0.0,79.4,67.8,70.9,48.4,4,58.9,5,148800,0,1,0,0.5141249174212243,0.43
25,Female,Bachelor's,Tier 2,7.7,0.6,60.7,77.8,59.4,44.3,4,49.3,3,137000,1,0,0,0.22886882718311946,0.26
30,Non-Binary,Bachelor's,Tier 2,2.2,1.3,62.1,67.5,63.8,45.4,2,38.9,3,96200,0,0,0,0.030630987100021403,0.075
35,Female,Bachelor's,Tier 1,3.1,0.0,38.4,84.1,52.4,38.9,5,39.2,1,73500,0,0,0,0.04308325638572228,0.05
31,Female,PhD,Tier 2,2.7,0.0,45.1,74.2,36.5,47.4,4,23.3,4,80600,0,0,0,0.0071294737348364294,0.085
32,Non-Binary,Bachelor's,Tier 3,3.5,0.0,67.5,63.6,54.3,47.3,2,29.1,2,144300,0,0,0,0.009110860541237636,0.085
51,Female,Master's,Tier 1,14.9,0.0,59.2,82.9,50.8,20.0,3,45.9,4,134900,0,0,0,0.27943086628052005,0.325
34,Male,Bachelor's,Tier 1,2.6,1.5,100.0,79.5,79.4,75.5,6,61.2,2,151900,1,1,1,0.9749643029090223,0.925
30,Female,Bachelor's,Tier 3,3.1,1.1,71.7,72.1,54.8,40.4,3,59.6,0,108300,0,0,0,0.03681782848569816,0.06
25,Male,Bachelor's,Tier 2,1.8,0.0,45.5,82.2,52.5,20.0,3,33.4,1,122500,0,0,0,0.0045548864536343,0.015
32,Female,PhD,Tier 2,2.9,3.7,87.6,88.5,74.4,62.1,5,71.3,1,153000,1,1,1,0.8700606482151688,0.905
21,Female,Bachelor's,Tier 2,1.1,3.7,56.5,75.4,54.7,45.3,4,65.5,1,76700,0,0,0,0.06474188551667519,0.15
25,Female,Bachelor's,Tier 3,0.3,0.0,62.7,76.1,50.1,41.8,6,75.9,1,68100,0,0,0,0.06724830719489919,0.125
31,Non-Binary,Bachelor's,Tier 3,4.9,0.0,62.6,79.4,51.6,47.0,2,40.5,2,108700,0,0,0,0.042605420774216765,0.01
25,Male,Bachelor's,Tier 3,0.0,0.0,52.8,84.4,49.0,31.8,2,53.7,2,114600,0,0,0,0.013643963693955728,0.05
32,Male,Bachelor's,Tier 1,12.2,3.3,97.5,74.9,65.5,86.9,3,59.5,6,205700,1,1,1,0.9950759909438288,0.895
32,Male,Master's,Tier 2,5.4,0.0,63.6,76.8,70.8,47.9,5,60.9,3,136200,1,1,1,0.5898006981353099,0.585
25,Male,Master's,Tier 3,4.3,1.9,69.7,94.7,70.0,41.6,3,52.2,1,71800,0,0,0,0.36804535757056384,0.37
21,Female,Bachelor's,Tier 2,1.7,1.1,75.2,63.4,58.4,64.1,4,56.4,3,102600,1,0,0,0.21059402479403105,0.2
26,Female,Master's,Tier 2,4.4,0.5,80.8,89.7,64.2,46.0,1,42.1,3,99400,1,0,0,0.3245822169762374,0.325
36,Female,Bachelor's,Tier 3,8.7,0.0,57.4,85.9,52.9,54.5,2,31.6,5,99300,1,0,0,0.20213902258809463,0.265
30,Female,Bachelor's,Tier 1,2.4,0.0,69.1,72.6,49.9,60.8,10,68.3,2,116400,1,1,0,0.5878156705920564,0.365
24,Male,Bachelor's,Tier 2,1.3,4.3,74.1,81.1,68.9,36.9,2,46.4,1,110500,0,0,0,0.0768570158451657,0.045
42,Male,PhD,Tier 3,7.6,2.1,76.7,88.3,66.8,59.6,3,48.3,1,150300,0,1,1,0.6522524017234346,0.64
29,Female,Bachelor's,Tier 1,12.1,0.1,69.3,92.8,71.4,56.4,3,46.1,5,204600,1,1,1,0.9463868900796569,0.82
37,Female,Master's,Tier 3,6.5,1.3,54.5,67.0,47.9,43.8,3,36.3,0,116300,0,0,0,0.01162798391311177,0.025
28,Male,Bachelor's,Tier 2,3.7,6.3,90.8,62.0,55.4,61.7,3,59.5,4,101500,0,0,0,0.3457570660233782,0.39
26,Male,Master's,Tier 3,0.1,2.2,64.8,74.2,56.5,40.8,2,40.0,3,73000,0,0,0,0.017199712522738504,0.025
38,Female,Bachelor's,Tier 3,20.0,0.0,64.4,100.0,54.7,44.3,7,47.4,3,200300,1,1,0,0.9208824373682692,0.41
24,Female,Bachelor's,Tier 2,6.9,0.3,44.1,88.3,61.4,22.8,2,33.8,3,85100,0,0,0,0.029209357452024833,0.095
34,Male,Master's,Tier 2,5.0,0.7,79.2,94.4,70.7,57.5,6,71.7,0,127700,1,1,1,0.9391575127404578,0.85
25,Male,Bachelor's,Tier 2,3.1,1.4,71.7,52.8,55.8,47.9,4,67.6,1,65700,0,0,0,0.07687560587012353,0.2
25,Female,PhD,Tier 3,0.0,0.8,53.9,67.4,41.9,34.0,4,41.2,0,82100,0,0,0,0.0012933924164698941,0.01
35,Non-Binary,Bachelor's,Tier 2,4.6,0.8,62.2,80.2,46.0,68.7,6,47.2,0,121500,0,0,0,0.29358315617545716,0.28
32,Male,Bachelor's,Tier 2,5.4,1.0,77.4,65.9,53.6,55.7,3,43.0,2,79300,1,0,0,0.1609028868503688,0.115
21,Male,Master's,Tier 2,0.0,0.0,59.8,79.8,46.0,53.4,3,42.8,1,158600,0,0,0,0.0492417876755506,0.2
38,Male,Bachelor's,Tier 2,5.2,0.0,73.1,78.4,58.3,66.3,6,44.8,1,117800,1,1,0,0.5913147486665343,0.48
26,Female,Bachelor's,Tier 2,3.0,0.0,82.1,83.5,66.3,67.6,2,39.4,0,83500,0,0,1,0.43420625132588286,0.605
33,Female,Bachelor's,Tier 2,4.6,4.5,71.0,81.6,50.1,48.8,7,85.4,1,112400,0,1,1,0.5437225334367474,0.53
25,Non-Binary,Master's,Tier 2,3.9,0.0,58.0,71.7,50.1,47.0,4,49.9,1,94400,0,0,0,0.05381249198412215,0.115
27,Female,Master's,Tier 3,0.4,0.0,31.8,79.4,47.5,26.8,7,57.7,2,51400,0,0,0,0.007430044368337826,0.005
32,Non-Binary,Master's,Tier 2,4.3,0.0,61.6,65.9,51.1,32.5,3,46.4,1,96000,0,0,0,0.013558918831654254,0.015
25,Female,Bachelor's,Tier 2,3.6,4.1,59.1,72.3,53.0,31.2,3,25.5,0,72500,0,0,0,0.0040347907463607864,0.02
27,Female,Bachelor's,Tier 3,2.8,6.7,76.0,81.6,58.8,47.9,5,68.0,1,77200,0,0,0,0.20184180521809394,0.315
28,Male,Master's,Tier 2,9.1,0.0,51.5,71.2,55.3,49.4,2,57.5,1,133900,0,0,0,0.2511340912283096,0.255
33,Female,Bachelor's,Tier 3,10.1,0.0,61.9,75.5,56.1,54.2,4,47.9,4,154700,0,0,0,0.33692792580075887,0.325
28,Male,Bachelor's,Tier 3,7.3,0.0,49.1,82.3,42.9,40.1,5,46.2,2,88300,0,0,0,0.0628089347934255,0.03
26,Male,Master's,Tier 3,0.5,0.7,51.1,60.1,60.4,55.1,3,40.5,2,62600,0,0,0,0.01856279843394508,0.115
27,Male,Bachelor's,Tier 2,4.8,1.6,57.6,49.9,47.9,41.6,6,49.4,1,120400,0,0,0,0.01464274031350124,0.08
32,Female,Master's,Tier 1,7.5,5.5,78.5,89.1,73.1,45.7,6,73.7,0,132500,1,1,1,0.8957297177934461,0.82
30,Non-Binary,Bachelor's,Tier 2,3.0,0.0,85.6,72.9,58.6,67.4,2,48.8,1,109700,0,0,0,0.3231963510285834,0.375
34,Male,Master's,Tier 2,5.5,2.5,74.7,69.7,55.9,61.8,9,76.6,5,129000,1,1,1,0.8638324097863459,0.675
26,Female,Bachelor's,Tier 3,7.6,1.9,62.2,72.9,58.3,38.6,4,73.2,3,161200,0,0,0,0.19268042493927554,0.29
36,Male,PhD,Tier 3,3.2,0.0,51.3,78.1,50.1,33.8,3,45.6,1,84900,0,0,0,0.013230954042556012,0.01
27,Female,Master's,Tier 3,1.4,0.0,75.0,86.9,64.7,72.0,3,51.4,1,106900,1,1,1,0.5250404362661122,0.525
25,Female,Bachelor's,Tier 1,0.0,0.0,85.1,56.7,62.3,48.8,1,33.0,2,83500,0,0,0,0.023527139712265055,0.095
29,Non-Binary,Bachelor's,Tier 2,0.7,0.1,69.3,57.9,50.2,35.0,4,77.1,0,101300,0,0,0,0.019444208346210416,0.14
21,Female,Bachelor's,Tier 3,11.0,0.0,63.1,63.5,58.7,40.9,3,48.2,4,136700,0,0,0,0.09853285930086045,0.255
29,Female,Master's,Tier 3,1.1,0.0,100.0,86.9,70.5,70.3,4,53.1,3,122900,1,1,1,0.8013091274381057,0.79
35,Non-Binary,PhD,Tier 3,9.1,0.0,63.0,72.6,62.1,35.8,1,42.2,1,164900,0,0,0,0.037134461594658115,0.235
22,Female,Bachelor's,Tier 2,2.8,2.9,34.0,81.1,38.9,20.0,7,51.0,2,85400,0,0,0,0.005015778279536172,0.025
27,Female,Bachelor's,Tier 3,2.2,0.0,91.5,58.6,69.5,63.3,1,42.9,1,100700,0,0,0,0.09410852515221842,0.405
26,Male,PhD,Tier 2,4.7,0.0,43.4,91.9,53.6,42.2,4,49.6,2,89100,0,0,0,0.15983781484505033,0.155
30,Female,Bachelor's,Tier 3,6.5,0.0,71.3,95.0,67.0,65.3,6,56.5,3,114800,0,1,1,0.8790452024554741,0.785
30,Female,Bachelor's,Tier 3,4.3,2.2,60.5,81.9,44.8,54.2,3,48.1,2,100300,0,0,0,0.07285326679924198,0.05
28,Male,Master's,Tier 1,2.3,0.0,57.6,93.5,61.1,41.5,2,36.5,3,76000,1,0,0,0.21630848784304976,0.11
34,Male,Bachelor's,Tier 2,12.3,0.9,100.0,79.4,75.2,71.8,6,41.5,4,202700,1,1,1,0.9822414059173561,0.865
35,Male,Bachelor's,Tier 2,5.5,0.8,65.8,74.0,58.7,49.0,6,45.6,3,146100,0,0,0,0.2639881320190295,0.31
25,Male,Master's,Tier 2,0.0,12.1,67.3,90.3,61.2,40.5,4,57.2,3,73400,0,0,0,0.1525176925870083,0.225
30,Female,Bachelor's,Tier 2,2.4,1.8,55.2,94.3,58.6,23.6,2,56.2,1,123500,0,0,0,0.04306038745686982,0.165
30,Male,PhD,Tier 1,4.7,0.1,82.1,58.3,57.1,49.9,6,62.1,2,170700,0,0,0,0.32032633275224076,0.315
24,Female,PhD,Tier 1,1.5,0.0,69.9,80.2,56.2,43.8,3,50.3,4,110300,0,0,0,0.14617035672479778,0.185
28,Female,Bachelor's,Tier 3,6.0,2.5,84.6,70.1,70.0,54.6,6,73.7,1,191900,0,1,1,0.5885694850600146,0.745
29,Female,Master's,Tier 2,6.2,0.0,52.2,69.1,53.7,35.2,6,44.2,3,121300,0,0,0,0.04485550438397399,0.03
29,Female,PhD,Tier 3,7.0,0.3,70.2,85.7,57.2,57.1,3,30.3,0,141900,0,0,0,0.14277552723383533,0.36
39,Female,Master's,Tier 2,3.4,0.3,53.0,80.9,48.7,41.0,3,24.3,3,89700,0,0,0,0.01929901363519682,0.03
34,Male,PhD,Tier 3,2.5,0.0,71.8,68.0,57.5,44.8,3,49.4,3,192100,0,0,0,0.04672797538654185,0.205
32,Male,Bachelor's,Tier 3,4.5,0.0,44.7,99.4,55.3,39.3,1,20.8,2,101400,0,0,0,0.032729298598705416,0.065
23,Female,Master's,Tier 3,1.3,1.8,53.6,62.4,37.3,47.3,3,54.4,1,86700,0,0,0,0.005417906587642686,0.015
29,Male,Bachelor's,Tier 2,7.5,2.6,62.9,85.8,62.9,37.9,5,59.1,2,82700,0,0,0,0.4462619136096063,0.26
28,Male,Bachelor's,Tier 3,1.0,4.6,75.2,80.0,67.9,44.1,4,67.1,4,126900,0,0,0,0.2680075164154567,0.315
30,Male,Bachelor's,Tier 1,4.5,0.0,76.2,74.3,67.8,66.1,6,61.1,3,164500,1,1,1,0.8786511152464282,0.75
30,Female,Master's,Tier 2,11.9,0.0,57.1,84.4,39.7,48.0,7,42.3,5,153900,0,0,0,0.43389307798372584,0.34
26,Male,Bachelor's,Tier 2,6.6,2.3,93.3,89.9,63.9,76.2,5,70.4,4,167600,1,1,1,0.9855903870246644,0.935
37,Male,Master's,Tier 2,7.4,1.0,58.6,74.1,52.4,47.8,6,50.0,3,102300,0,0,0,0.2941550594925317,0.18
33,Male,Bachelor's,Tier 3,5.3,4.3,68.7,72.3,52.0,58.7,2,53.6,1,125700,0,0,0,0.13709866079568167,0.12
26,Female,Bachelor's,Tier 3,2.3,0.0,85.2,71.2,67.2,68.9,2,45.4,2,70400,0,0,0,0.28404460858949226,0.495
27,Female,Master's,Tier 3,4.8,1.1,56.0,67.8,42.2,41.1,3,66.9,3,147500,0,0,0,0.03281341181450533,0.055
30,Female,Master's,Tier 1,4.1,0.0,96.6,68.9,73.1,74.9,4,70.8,2,118800,1,1,1,0.9475306880570662,0.885
26,Male,Master's,Tier 2,2.7,2.6,72.3,87.0,59.3,55.5,1,32.5,2,142700,0,0,0,0.18725500697670186,0.275
29,Male,Bachelor's,Tier 2,0.4,0.7,83.5,71.3,65.9,55.1,4,100.0,2,120900,0,1,0,0.7696626628033114,0.5
33,Female,Master's,Tier 3,3.1,0.0,74.1,78.0,61.6,68.8,3,41.5,4,74800,0,0,0,0.3682295696490396,0.38
24,Male,Bachelor's,Tier 3,4.7,0.1,79.4,83.2,57.9,66.3,3,42.0,4,119500,1,1,0,0.5159751615063585,0.485
31,Male,Bachelor's,Tier 2,5.3,1.4,69.5,84.3,60.2,48.2,3,38.2,2,123700,1,0,0,0.2373458539603497,0.16
24,Female,Bachelor's,Tier 1,7.9,0.0,63.0,79.8,50.9,46.3,4,41.8,1,192200,0,0,0,0.19729920151913288,0.18
33,Non-Binary,Bachelor's,Tier 2,3.9,0.0,65.1,86.5,65.1,46.3,4,39.9,1,89200,0,0,0,0.1762890668350296,0.135
25,Male,Bachelor's,Tier 2,2.9,0.0,61.6,98.2,60.4,47.5,1,55.3,0,94200,0,0,0,0.33921962976797354,0.315
36,Male,Master's,Tier 1,6.3,2.2,83.0,76.2,69.3,33.9,4,88.4,1,190000,1,1,1,0.7768373906237683,0.685
27,Male,Bachelor's,Tier 1,10.1,4.2,74.1,73.4,48.4,59.2,3,57.4,3,178800,1,1,1,0.6765617292723407,0.56
37,Male,Bachelor's,Tier 1,6.8,0.0,62.6,86.5,67.5,35.8,7,49.2,3,136500,0,1,0,0.5828959546040055,0.375
21,Non-Binary,Master's,Tier 2,3.8,3.7,76.5,64.4,54.8,33.4,3,50.4,2,132100,0,0,0,0.022370812859224553,0.08
29,Male,Master's,Tier 2,1.6,0.7,76.6,81.4,74.3,42.8,9,73.2,3,175200,1,1,1,0.7437232651290336,0.52
22,Male,Bachelor's,Tier 3,3.6,8.0,69.6,82.3,56.4,59.2,1,29.2,1,94300,0,0,0,0.05943695980861164,0.22
29,Female,Bachelor's,Tier 2,1.2,0.6,51.9,97.6,65.3,35.9,1,34.7,2,57200,0,0,0,0.05162783612848075,0.195
24,Female,Bachelor's,Tier 1,0.0,2.4,86.5,57.9,61.1,44.9,3,65.6,0,138600,0,0,0,0.06833672942629167,0.285
28,Female,Bachelor's,Tier 3,4.9,0.0,79.1,82.4,61.3,64.0,8,72.7,0,118500,1,1,1,0.7780122435157814,0.785
26,Female,Master's,Tier 3,1.7,0.0,63.8,67.4,51.1,37.5,1,56.4,1,61200,0,0,0,0.010609204019233045,0.03
27,Female,PhD,Tier 2,3.5,0.0,72.0,91.4,59.3,52.6,6,76.6,5,114300,1,1,1,0.8131423457594222,0.635
23,Female,Bachelor's,Tier 2,2.9,0.0,84.0,86.9,70.1,55.5,4,37.8,0,50700,0,0,0,0.3792523443292307,0.46
35,Male,Bachelor's,Tier 2,5.0,2.9,83.7,65.8,56.1,66.4,5,75.4,1,149700,1,1,1,0.6934508298611435,0.785
26,Male,Bachelor's,Tier 1,0.2,0.4,84.8,78.3,69.5,57.3,7,58.0,3,101200,0,1,0,0.7401551697527042,0.475
26,Male,Bachelor's,Tier 3,8.6,1.3,72.5,61.3,59.1,56.2,7,62.7,3,162400,1,0,0,0.4576065716453542,0.5
26,Non-Binary,Bachelor's,Tier 2,0.8,0.1,68.1,88.8,69.6,41.6,2,54.0,4,84700,0,0,0,0.22184970592390796,0.275
24,Non-Binary,Bachelor's,Tier 1,4.8,0.0,86.8,69.1,52.9,73.8,3,63.4,0,163100,0,1,1,0.6641311248745201,0.66
26,Female,Master's,Tier 3,8.2,0.0,65.4,78.0,57.1,49.5,3,61.1,2,105100,0,0,0,0.32214774219617837,0.345
29,Male,Master's,Tier 2,1.6,0.0,52.0,82.6,52.4,20.0,4,49.5,4,71200,0,0,0,0.02300211559379507,0.05
26,Male,Bachelor's,Tier 1,3.4,6.0,68.8,87.6,68.5,51.4,5,48.5,1,148000,1,1,0,0.5212101313695023,0.485
37,Male,Master's,Tier 2,17.6,0.8,90.3,75.1,80.7,76.5,9,78.2,2,271100,1,1,1,0.9991526629571813,0.91
25,Female,Bachelor's,Tier 3,5.5,0.0,49.9,74.2,49.4,32.5,3,44.7,0,81700,0,0,0,0.008765410051124257,0.015
31,Male,Bachelor's,Tier 2,11.7,5.1,67.8,79.0,64.3,45.4,3,61.1,5,140100,1,1,1,0.7370440411417235,0.595
21,Male,Bachelor's,Tier 2,5.6,0.7,65.6,74.6,56.4,41.0,5,47.8,1,88100,0,0,0,0.12122644791223433,0.085
25,Male,PhD,Tier 2,0.0,1.4,67.9,93.0,57.4,35.8,5,52.2,2,68500,0,0,0,0.1256036097959765,0.175
30,Female,Bachelor's,Tier 1,6.9,2.1,91.5,71.1,64.0,51.8,9,88.3,4,169500,1,1,1,0.9439306905128536,0.785
29,Female,Master's,Tier 3,3.8,2.0,79.1,51.6,57.6,51.2,4,42.1,1,112500,0,0,0,0.020978388692589073,0.115
22,Female,PhD,Tier 2,5.2,0.0,73.8,78.0,55.7,65.3,4,21.4,1,188500,0,0,0,0.14637796402373443,0.375
29,Male,Master's,Tier 3,12.1,2.3,82.6,63.4,66.5,83.9,8,100.0,1,228900,1,1,1,0.99286077098291,0.83
25,Female,Master's,Tier 1,5.0,0.0,58.4,80.7,53.3,41.1,5,47.5,1,103000,0,0,0,0.15055907893248102,0.085
31,Female,Bachelor's,Tier 3,3.1,7.4,95.4,63.8,61.9,57.0,4,66.1,2,114100,0,0,1,0.22255520642189713,0.53
29,Female,Bachelor's,Tier 2,5.1,0.0,76.6,71.9,54.9,74.7,3,39.1,0,129000,0,0,0,0.32581368151845913,0.4
32,Male,Bachelor's,Tier 2,12.0,3.3,66.6,76.1,58.7,44.2,5,64.8,4,96300,1,1,1,0.7144451333374157,0.555
27,Male,PhD,Tier 1,0.6,0.7,88.1,81.9,68.6,55.8,1,45.8,1,83000,0,0,1,0.40190596529507294,0.51
27,Female,Bachelor's,Tier 2,0.7,0.0,72.2,82.2,59.6,63.1,4,54.9,2,96900,1,0,0,0.37692501415846735,0.245
24,Female,Bachelor's,Tier 1,6.6,5.0,52.4,73.0,56.1,35.5,5,57.5,2,115200,0,0,0,0.105820516427752,0.125
28,Male,Bachelor's,Tier 2,1.6,0.1,83.7,82.3,67.0,58.4,3,34.4,3,108900,0,0,0,0.3617240087194354,0.39
30,Non-Binary,Master's,Tier 3,17.3,2.7,100.0,78.8,71.6,72.6,5,56.4,3,280000,1,1,1,0.9874002071096406,0.93
34,Male,Bachelor's,Tier 3,7.8,0.0,56.8,76.8,51.2,34.9,4,38.8,4,114100,0,0,0,0.05357292052368022,0.03
28,Male,Bachelor's,Tier 1,2.2,0.0,64.3,81.7,67.4,29.4,2,51.2,3,106000,0,0,0,0.13227523631986499,0.12
28,Male,Master's,Tier 1,1.0,0.8,85.0,79.8,62.9,67.0,3,53.2,4,102000,1,1,0,0.7676775659611801,0.47
31,Male,Bachelor's,Tier 1,6.5,0.8,86.2,91.1,72.5,86.8,2,37.3,2,87200,1,1,1,0.9763868162519456,0.74
40,Male,Master's,Tier 2,8.1,0.0,73.3,92.9,61.8,47.4,5,55.5,1,138400,1,1,1,0.7792431760552722,0.765
33,Female,Bachelor's,Tier 2,8.1,0.0,39.2,77.3,35.1,27.5,6,54.1,4,85100,0,0,0,0.03051262597326593,0.065
27,Female,Bachelor's,Tier 3,0.0,0.0,45.8,71.3,35.5,35.1,0,42.9,0,78600,0,0,0,0.0008107578836310139,0.005
36,Female,Master's,Tier 2,6.8,0.2,75.0,60.7,51.1,58.2,7,60.1,3,111700,0,0,0,0.3889899586477147,0.37
29,Non-Binary,Bachelor's,Tier 3,0.8,1.6,93.3,89.4,80.0,79.7,2,49.6,1,121800,0,1,1,0.815697352710191,0.655
28,Female,Master's,Tier 2,1.6,0.0,56.2,93.6,60.7,48.0,8,90.3,1,70400,0,1,0,0.7572390588996102,0.485
26,Female,Master's,Tier 1,0.4,0.9,63.8,66.9,47.5,40.0,2,34.4,3,93700,0,0,0,0.01057596827318915,0.005
33,Male,Bachelor's,Tier 2,6.2,4.0,45.0,73.6,51.2,26.9,6,73.3,2,108600,0,0,0,0.08108986698333435,0.145
28,Male,Master's,Tier 3,3.5,0.0,80.7,90.0,67.5,68.9,1,52.5,3,71400,1,1,1,0.778782513184781,0.675
38,Male,Bachelor's,Tier 1,5.5,0.0,54.7,79.9,46.5,37.6,4,53.4,2,104200,0,0,0,0.1414319502763664,0.05
32,Female,PhD,Tier 2,6.8,0.0,74.2,80.9,54.4,37.9,2,49.1,3,96300,1,0,0,0.14300519209940887,0.22
26,Male,Bachelor's,Tier 3,0.9,0.3,70.3,89.4,68.6,51.3,3,52.0,1,78000,0,0,0,0.26949612316037436,0.265
21,Male,Bachelor's,Tier 2,0.9,0.0,63.0,75.3,55.5,38.0,2,50.7,0,77300,0,0,0,0.027854119009972356,0.035
27,Female,Master's,Tier 3,6.2,1.6,68.0,81.7,47.2,48.4,2,61.6,2,91200,0,0,0,0.1697002672975555,0.145
31,Female,Bachelor's,Tier 2,1.8,0.0,73.3,59.6,63.2,55.9,3,64.2,4,168200,0,0,0,0.1844897720642596,0.35
22,Male,Master's,Tier 3,1.8,0.7,78.4,83.7,68.7,52.4,6,65.6,0,94000,0,1,0,0.5171580637676249,0.45
24,Male,Master's,Tier 2,3.7,0.1,52.5,69.9,45.3,32.4,2,44.7,0,115600,0,0,0,0.008938037429356243,0.005
26,Male,Master's,Tier 3,0.0,3.8,63.2,77.9,52.7,40.9,3,57.5,1,72100,0,0,0,0.030152519817927697,0.045
37,Female,Master's,Tier 1,5.1,0.0,82.7,86.4,73.1,60.5,5,64.9,1,166600,1,1,1,0.9277379135281517,0.91
31,Female,Bachelor's,Tier 2,2.1,6.1,59.2,77.4,54.8,61.0,1,21.8,3,72200,0,0,0,0.03320073715176738,0.155
24,Non-Binary,Bachelor's,Tier 3,3.9,8.0,89.5,75.3,74.2,68.1,1,28.9,1,92100,0,0,0,0.18637513583465917,0.415
29,Male,Bachelor's,Tier 3,3.7,5.9,80.9,58.1,51.4,64.2,3,25.8,0,129300,0,0,0,0.021328852009823016,0.13
31,Female,Bachelor's,Tier 3,1.9,0.2,73.9,75.7,57.0,45.9,7,53.9,1,141900,0,0,0,0.09001317440174758,0.28
30,Male,Bachelor's,Tier 1,3.9,1.1,87.6,87.5,83.4,59.0,4,53.3,2,164000,1,1,1,0.9251593078855127,0.845
29,Female,Bachelor's,Tier 2,4.1,0.0,67.2,71.4,54.1,58.4,5,52.2,2,85700,1,0,0,0.22280922774290926,0.17
31,Male,Master's,Tier 2,8.9,0.1,57.9,77.8,55.1,56.7,1,30.3,3,153100,0,0,0,0.24147645884298896,0.17
27,Female,Bachelor's,Tier 3,7.0,0.0,84.6,89.7,65.0,58.8,3,49.1,1,69100,1,1,1,0.6388024727501588,0.555
28,Female,Master's,Tier 1,3.5,0.0,37.1,79.0,34.6,20.0,1,1.9,2,68700,0,0,0,0.00048162807204875585,0.015
31,Female,Bachelor's,Tier 2,0.8,0.0,67.4,66.0,48.4,69.9,3,45.1,4,159200,0,0,0,0.11021059003329367,0.25
33,Female,Bachelor's,Tier 3,2.2,0.0,48.1,69.9,40.3,54.0,4,34.0,0,114800,0,0,0,0.006473550600430537,0.035
34,Male,Bachelor's,Tier 3,3.5,0.8,73.8,81.0,63.0,58.3,4,60.5,4,108300,0,1,0,0.5565311025841236,0.46
29,Female,Master's,Tier 1,3.1,0.4,62.8,72.2,47.8,40.5,4,60.8,4,92600,1,0,0,0.12474105901630288,0.09
27,Female,Bachelor's,Tier 3,0.0,0.0,62.7,82.5,55.5,40.5,4,46.7,5,54100,0,0,0,0.04153753321062533,0.105
32,Male,Master's,Tier 3,2.9,0.3,55.7,68.9,35.7,40.0,2,29.0,3,96300,0,0,0,0.0037672369401149084,0.0
24,Male,Master's,Tier 2,4.6,0.0,90.1,90.0,73.3,57.2,3,57.4,2,133400,1,1,1,0.880474641493615,0.825
34,Male,Master's,Tier 1,7.5,0.0,64.6,75.8,56.1,45.7,4,52.9,4,182700,0,0,0,0.4941531621332805,0.375
26,Male,PhD,Tier 2,6.4,0.0,68.5,78.6,45.9,56.3,6,78.1,0,113000,1,1,0,0.6041194622242065,0.48
33,Non-Binary,Bachelor's,Tier 2,4.4,0.3,67.7,91.2,64.4,48.3,4,46.3,1,100100,1,0,0,0.3370503781851774,0.395
21,Female,PhD,Tier 3,0.0,0.0,67.4,82.5,63.6,49.0,2,46.2,1,114600,0,0,0,0.047237482556382,0.085
21,Male,Bachelor's,Tier 2,0.2,0.9,30.0,60.0,37.2,20.0,4,61.7,3,66400,0,0,0,0.0012578136732293598,0.065
34,Female,Master's,Tier 2,5.2,1.2,71.2,83.9,55.7,44.0,7,66.1,2,124000,1,0,1,0.4835184248965041,0.55
23,Female,Master's,Tier 3,2.4,0.0,86.1,85.1,69.0,51.4,2,59.3,0,153100,0,0,0,0.33643830236029537,0.47
23,Female,Bachelor's,Tier 2,0.0,8.9,88.2,79.1,73.1,64.2,3,56.3,2,71000,1,0,0,0.4524822415146914,0.3
31,Female,Bachelor's,Tier 2,3.1,1.3,86.9,77.2,62.8,51.9,5,58.8,1,147500,1,0,1,0.38497666461356955,0.51
29,Female,Bachelor's,Tier 3,2.8,0.9,69.8,80.0,52.8,29.0,4,57.4,1,121600,0,0,0,0.026323312927119452,0.09
26,Male,Bachelor's,Tier 3,13.1,0.0,68.6,75.1,44.7,55.2,4,28.7,1,170100,0,0,0,0.19224313661227224,0.26
33,Male,Bachelor's,Tier 2,2.3,1.2,54.3,87.7,64.2,36.3,4,49.7,2,113900,0,0,0,0.12693213750350268,0.245
26,Female,Bachelor's,Tier 1,4.9,2.4,74.9,68.9,49.1,46.0,5,56.6,2,138300,0,0,0,0.16321659872959773,0.23
26,Female,Master's,Tier 2,0.2,2.3,56.2,67.7,49.0,48.8,5,58.4,0,106100,0,0,0,0.028086093992809338,0.065
25,Male,Bachelor's,Tier 2,5.5,0.2,43.8,78.0,50.6,31.0,5,72.3,4,81300,0,0,0,0.14558469486453957,0.11
26,Female,Bachelor's,Tier 2,4.8,1.0,67.2,96.8,56.4,70.0,1,52.5,0,115100,0,1,0,0.6547448243535308,0.47
35,Male,Bachelor's,Tier 3,7.2,0.0,48.3,81.9,43.1,37.0,4,40.0,2,96400,0,0,0,0.03346844237474251,0.02
25,Female,Bachelor's,Tier 2,0.9,0.0,71.0,55.0,52.0,73.0,2,20.8,0,72700,0,0,0,0.016601966994408402,0.265
27,Male,Bachelor's,Tier 2,1.3,1.5,76.0,86.5,77.3,63.5,3,33.4,2,61100,1,1,0,0.517990537086824,0.465
21,Male,Master's,Tier 2,3.8,0.0,90.9,90.6,74.2,59.4,3,65.2,2,178700,1,1,1,0.9181257632148426,0.785
37,Female,Bachelor's,Tier 2,3.0,0.0,69.5,84.6,67.0,41.1,0,11.4,3,106000,0,0,0,0.029796289723821655,0.175
28,Female,Bachelor's,Tier 2,3.4,0.1,71.3,71.3,55.7,34.3,5,58.0,5,118100,0,0,0,0.09568735946871372,0.12
35,Male,PhD,Tier 1,4.1,1.4,66.6,64.4,40.3,40.8,7,64.0,0,98500,0,0,0,0.07863779229869639,0.085
21,Female,Bachelor's,Tier 2,0.7,0.0,38.5,63.2,42.3,35.1,2,17.1,3,66700,0,0,0,0.0005893091984378652,0.0
30,Female,Bachelor's,Tier 2,9.8,0.0,88.6,85.9,72.1,65.2,3,50.1,4,174100,1,1,1,0.9386667893503822,0.97
24,Non-Binary,Master's,Tier 2,6.7,1.6,63.4,79.2,44.7,35.4,4,47.6,1,100300,0,0,0,0.049805506044685297,0.03
28,Female,Master's,Tier 2,2.2,0.0,60.6,63.9,51.6,36.2,6,53.3,3,95100,0,0,0,0.02724818429584273,0.045
31,Male,Master's,Tier 2,7.1,1.8,63.2,83.7,53.7,52.3,2,35.1,6,126200,0,0,0,0.3386044355460325,0.175
24,Male,Master's,Tier 3,5.5,3.7,70.7,61.9,58.0,59.5,4,42.3,4,92300,0,0,0,0.14186293367173677,0.28
26,Male,Master's,Tier 3,0.2,0.0,61.4,82.5,50.7,35.5,7,51.6,2,113900,0,0,0,0.042173424467942304,0.035
26,Male,PhD,Tier 2,3.0,4.3,57.3,63.1,55.4,61.1,2,45.1,1,105300,0,0,0,0.051179370608828705,0.155
29,Male,Bachelor's,Tier 3,1.4,3.1,100.0,70.7,78.0,90.8,4,54.2,1,129800,1,1,1,0.8840214499645277,0.655
31,Female,Bachelor's,Tier 2,6.6,1.8,73.5,58.3,55.5,50.4,5,41.3,1,131800,0,0,0,0.06415749438020217,0.175
28,Male,Bachelor's,Tier 2,3.1,4.7,50.7,84.0,47.6,37.7,2,35.7,4,82000,0,0,0,0.024740789806183713,0.01
39,Male,Bachelor's,Tier 1,7.5,0.0,78.9,87.9,75.1,62.3,4,59.9,3,177500,1,1,1,0.9674800378159156,0.905
34,Male,Bachelor's,Tier 2,4.6,0.0,87.0,66.7,62.9,48.7,3,57.2,1,148300,0,0,0,0.2754659606371414,0.42
24,Female,Bachelor's,Tier 2,0.0,6.3,54.6,64.0,41.3,25.4,4,51.7,2,80400,0,0,0,0.0016407556035920772,0.01
25,Male,Master's,Tier 2,5.8,0.0,74.6,84.4,62.8,32.5,4,51.8,1,86600,1,0,0,0.25498166825448065,0.18
28,Male,Master's,Tier 3,2.9,1.8,70.8,71.6,53.3,65.1,3,50.1,1,103300,0,0,0,0.16947347444570593,0.15
29,Male,Bachelor's,Tier 3,4.5,0.0,81.3,80.0,60.9,39.7,6,83.2,1,130300,1,1,1,0.5154532349410353,0.51
32,Male,Bachelor's,Tier 3,3.7,0.0,57.8,63.7,49.0,39.1,2,36.0,3,134100,0,0,0,0.007443430727809906,0.005
22,Female,Bachelor's,Tier 2,5.5,0.6,76.0,53.8,51.4,59.8,6,47.3,4,145500,1,0,0,0.13660734137997987,0.265
32,Male,Bachelor's,Tier 2,12.1,0.5,74.0,75.4,59.7,56.4,5,57.8,2,130700,0,1,1,0.8228461743045257,0.78
31,Female,Master's,Tier 3,1.7,2.5,70.0,64.5,60.2,48.4,6,59.5,0,94700,0,0,0,0.055858562975174775,0.13
28,Male,Master's,Tier 2,1.4,0.0,64.3,66.8,49.0,34.2,1,41.8,5,89300,0,0,0,0.01391344463629918,0.05
25,Male,Bachelor's,Tier 3,4.0,0.0,59.0,81.8,51.8,58.3,5,57.3,2,78400,0,0,0,0.2916879160140143,0.265
31,Male,Bachelor's,Tier 2,3.9,0.7,86.3,85.7,74.2,57.6,6,62.3,2,112800,1,1,1,0.8837786451171575,0.885
32,Female,PhD,Tier 3,10.4,0.0,49.8,60.5,39.4,34.8,4,24.2,7,118200,0,0,0,0.007127176613769603,0.075
32,Female,Bachelor's,Tier 3,5.7,11.7,94.0,87.0,75.7,68.3,7,59.7,2,146200,1,1,1,0.8880545806331832,0.85
28,Female,Bachelor's,Tier 3,8.7,6.3,81.5,83.2,62.8,50.3,2,57.7,2,178200,0,0,1,0.4263909716372974,0.51
26,Male,Master's,Tier 2,3.1,0.0,85.5,80.2,65.0,59.8,6,91.6,0,106500,1,1,1,0.9180129429782395,0.69
27,Male,Master's,Tier 1,1.9,1.7,58.1,66.8,38.0,47.8,5,64.0,3,155100,0,0,0,0.09049859994220676,0.125
32,Male,Bachelor's,Tier 2,3.2,0.7,57.0,88.5,52.3,54.0,5,60.7,2,115600,1,0,0,0.423661687378786,0.465
29,Female,Master's,Tier 2,1.5,0.0,57.4,81.1,60.5,37.4,6,46.7,5,72500,1,0,0,0.10311633739692407,0.15
29,Male,Master's,Tier 3,2.0,3.5,71.0,76.3,53.6,57.1,1,25.8,3,121300,0,0,0,0.038380945847223284,0.09
37,Female,Bachelor's,Tier 1,5.5,3.6,89.5,66.2,62.2,70.6,3,48.2,4,236200,0,1,1,0.6638265823239592,0.665
35,Male,PhD,Tier 1,4.7,0.6,56.3,85.5,55.9,33.2,0,29.2,1,175600,0,0,0,0.03334300798361171,0.12
26,Male,Master's,Tier 3,1.9,0.0,70.5,89.1,56.4,62.4,4,63.6,3,120500,0,1,1,0.6035208543829814,0.585
29,Male,Master's,Tier 2,3.1,2.6,86.6,77.8,63.1,39.3,2,59.9,2,113600,0,0,0,0.2514684570971097,0.3
30,Male,Bachelor's,Tier 2,1.8,0.0,51.0,81.5,65.4,21.2,5,38.4,1,139100,0,0,0,0.01722833243869532,0.11
23,Female,Bachelor's,Tier 1,3.4,0.0,49.9,87.3,55.5,41.7,4,39.2,0,160300,0,0,0,0.073380593600373,0.1
39,Male,Master's,Tier 2,6.5,0.0,76.8,77.3,60.4,44.4,2,56.3,0,67900,0,0,0,0.3313591796096078,0.395
30,Non-Binary,Master's,Tier 3,1.5,0.0,65.3,68.5,60.5,44.5,4,61.1,0,144700,0,0,0,0.04175708288808634,0.185
26,Female,Master's,Tier 3,3.0,1.8,87.2,77.2,69.2,73.6,4,63.5,1,93100,1,1,1,0.7449672900887414,0.87
27,Non-Binary,Bachelor's,Tier 2,10.3,0.7,75.1,95.7,63.3,52.6,5,63.6,5,118900,1,1,1,0.9370292816926062,0.79
24,Male,PhD,Tier 3,0.4,0.2,68.9,55.5,51.5,49.6,4,41.5,2,89300,0,0,0,0.009092757125670415,0.03
28,Male,Bachelor's,Tier 2,9.9,1.8,50.9,78.0,58.4,20.0,2,35.1,4,103600,0,0,0,0.0369697583486103,0.075
31,Female,Bachelor's,Tier 2,3.9,0.0,60.4,58.3,48.0,52.9,8,75.3,0,113800,1,0,0,0.134739624126011,0.25
29,Male,Master's,Tier 1,6.1,3.4,49.2,86.6,50.1,35.8,5,29.5,0,141200,0,0,0,0.06009383354411501,0.04
36,Male,Bachelor's,Tier 3,6.2,3.1,74.7,74.3,52.5,55.4,5,54.6,0,96000,1,0,0,0.23461539446047633,0.255
26,Female,Bachelor's,Tier 2,1.0,0.0,67.4,79.1,53.0,35.7,3,75.5,1,98500,0,0,0,0.08753041848560902,0.18
25,Female,Bachelor's,Tier 3,0.8,4.4,77.7,64.4,65.5,64.0,4,33.2,2,77800,0,0,0,0.05250970346669618,0.18
30,Male,Bachelor's,Tier 2,8.1,1.7,46.8,71.4,50.3,26.9,6,44.1,1,136300,0,0,0,0.026683630600842684,0.015
24,Female,Bachelor's,Tier 3,0.3,0.0,46.9,80.2,52.3,46.7,1,37.4,1,99500,0,0,0,0.008137981785595579,0.01
21,Female,Master's,Tier 1,3.4,0.0,63.2,67.5,48.8,50.2,5,67.8,3,156400,1,0,0,0.23211424990209795,0.275
31,Male,Bachelor's,Tier 2,1.4,0.0,47.6,76.2,37.6,57.1,6,44.7,2,77100,1,0,0,0.05539793087896052,0.12
30,Female,Bachelor's,Tier 3,3.4,0.0,75.7,77.6,66.5,58.7,4,53.9,3,89400,0,0,0,0.37574206877572247,0.335
29,Male,Master's,Tier 1,11.9,0.0,74.5,84.3,53.7,57.5,4,72.8,1,212800,1,1,1,0.9474773647106345,0.83
29,Male,Master's,Tier 1,6.7,0.2,60.0,56.9,43.0,28.8,3,56.3,1,239400,0,0,0,0.02069459168732923,0.095
32,Male,Bachelor's,Tier 2,2.3,2.1,52.5,94.8,62.0,48.6,6,71.1,0,61800,1,1,0,0.5491128222260621,0.36
26,Male,Bachelor's,Tier 3,4.0,0.0,43.9,66.2,41.0,26.9,5,42.5,0,128600,0,0,0,0.002265024997435711,0.015
23,Male,Bachelor's,Tier 3,2.9,1.7,64.2,74.4,50.4,47.3,4,47.6,1,74600,0,0,0,0.042502246009930245,0.04
26,Male,Bachelor's,Tier 2,0.2,3.3,73.9,87.0,57.5,49.9,4,45.5,0,62400,1,0,0,0.13884823803030624,0.15
36,Female,Bachelor's,Tier 2,7.8,2.0,71.1,77.0,73.7,46.5,5,46.7,0,189200,0,0,0,0.36773255446483205,0.475
36,Male,Master's,Tier 2,3.6,0.0,57.4,71.2,54.9,37.2,5,55.5,3,106200,0,0,0,0.09000338779334434,0.06
32,Male,PhD,Tier 2,8.9,0.1,74.9,84.8,71.2,52.8,6,34.5,2,161800,1,1,1,0.6837886767619885,0.54
42,Male,Bachelor's,Tier 1,5.2,1.3,90.4,79.8,68.5,54.3,8,72.0,2,142300,1,1,1,0.9378377341719537,0.87
26,Female,Master's,Tier 2,15.7,5.3,60.9,68.5,51.8,51.2,6,49.6,2,173400,0,0,0,0.4730569860351451,0.42
28,Male,Bachelor's,Tier 3,3.9,0.7,56.8,83.3,50.8,41.2,2,58.9,0,85100,0,0,0,0.06140338686241486,0.08
24,Male,Master's,Tier 3,1.5,0.9,75.1,91.2,76.4,69.7,3,48.3,3,109600,0,1,1,0.7743127063127702,0.55
30,Female,Master's,Tier 3,2.7,0.0,58.1,62.0,55.2,42.6,4,45.1,1,118700,0,0,0,0.011517248609752848,0.015
26,Female,Master's,Tier 3,0.8,0.4,75.0,81.3,62.6,60.0,5,57.9,0,96000,0,0,0,0.279848513575011,0.23
32,Non-Binary,Bachelor's,Tier 3,4.7,0.0,73.4,74.4,63.7,55.6,3,54.6,1,69300,1,0,0,0.21731215270350182,0.25
29,Female,Bachelor's,Tier 3,4.6,0.0,64.8,86.3,58.3,56.2,5,39.9,3,84100,1,0,0,0.24501061909740243,0.33
30,Female,Bachelor's,Tier 2,2.1,0.3,50.7,88.6,56.5,20.0,4,35.6,1,88000,0,0,0,0.00960491286893738,0.045
21,Non-Binary,Bachelor's,Tier 3,1.8,1.8,73.3,92.1,76.4,49.2,5,57.5,4,88200,1,1,0,0.5251392042251102,0.465
28,Male,Bachelor's,Tier 3,2.5,0.0,56.4,79.6,56.8,39.2,5,54.0,1,105800,0,0,0,0.057391310970940704,0.085
31,Female,Bachelor's,Tier 3,9.0,1.3,92.2,85.1,77.9,55.7,6,66.5,1,270100,1,1,1,0.9116400235752745,0.91
37,Female,Bachelor's,Tier 2,3.1,0.0,56.5,57.9,44.0,40.3,3,27.9,1,76900,0,0,0,0.0027289425363197176,0.02
33,Male,Bachelor's,Tier 2,5.2,1.3,73.2,89.9,60.2,46.3,3,40.1,2,98700,0,0,0,0.3251932498080331,0.215
25,Male,Master's,Tier 3,3.5,3.5,70.6,83.9,60.9,20.0,6,70.6,2,113800,0,0,0,0.10849063577000949,0.3
25,Male,Master's,Tier 3,5.7,0.0,78.5,92.6,61.0,35.9,3,57.1,4,85800,0,0,0,0.4350469302637668,0.37
29,Female,PhD,Tier 3,2.9,0.0,67.2,76.8,64.2,56.7,7,76.1,2,86200,1,1,0,0.5015293993442035,0.395
29,Male,Master's,Tier 1,1.1,0.2,88.3,73.0,52.9,69.3,5,50.3,1,150600,0,1,1,0.556122143053489,0.62
23,Male,Master's,Tier 3,3.2,0.0,67.5,71.8,50.6,34.6,4,57.2,3,101900,0,0,0,0.043639249170424575,0.06
24,Female,Master's,Tier 3,2.6,1.2,82.9,75.3,62.8,65.0,1,57.4,2,139900,0,0,0,0.3291493247766192,0.415
30,Non-Binary,Bachelor's,Tier 2,14.8,0.4,88.7,69.3,53.3,67.6,8,76.2,2,266700,1,1,1,0.9648760263942266,0.89
24,Male,Master's,Tier 1,1.5,0.0,74.7,94.9,66.3,45.0,8,84.9,0,159800,1,1,1,0.8964208812000128,0.68
29,Female,PhD,Tier 3,2.3,0.0,69.7,89.5,50.5,41.7,2,48.5,2,87700,0,0,0,0.05306883637362932,0.15
32,Non-Binary,Bachelor's,Tier 3,3.9,1.4,87.8,68.2,50.4,60.6,6,67.7,1,113900,0,0,1,0.29274376341262087,0.58
45,Female,PhD,Tier 2,10.8,4.7,83.1,88.2,64.8,52.8,2,42.5,2,247600,1,1,1,0.6444614079475728,0.625
31,Male,Master's,Tier 1,8.7,5.7,82.1,80.2,71.5,69.1,7,72.8,2,180000,1,1,1,0.9841843453901125,0.91
27,Female,Master's,Tier 1,3.3,0.0,49.9,56.9,33.2,45.4,2,21.4,2,95400,0,0,0,0.0024060691415339953,0.035
32,Female,Bachelor's,Tier 2,9.1,1.9,63.5,63.6,46.9,44.8,4,46.5,2,129400,0,0,0,0.06458565815316619,0.06
33,Female,Master's,Tier 2,4.2,0.0,70.1,80.1,65.8,51.0,5,49.7,2,104300,0,0,0,0.3794488362659946,0.32
25,Male,Master's,Tier 3,0.0,2.7,50.8,72.4,50.2,50.4,0,34.8,3,70100,0,0,0,0.008653805148787797,0.015
24,Female,PhD,Tier 3,0.8,5.2,59.7,82.4,58.3,42.7,2,18.0,2,98300,0,0,0,0.005380040092869721,0.005
34,Male,Master's,Tier 2,11.5,0.0,83.1,64.6,61.0,65.6,5,62.2,1,132400,1,1,1,0.8707947730169129,0.79
32,Female,Bachelor's,Tier 3,5.2,1.0,77.6,75.1,59.6,40.4,7,46.4,3,172600,0,0,0,0.12279940929698199,0.305
37,Male,Bachelor's,Tier 3,3.6,0.0,76.8,73.9,55.6,73.3,3,61.9,1,103900,1,1,1,0.5352242078654206,0.55
29,Female,Bachelor's,Tier 3,3.2,0.6,75.0,83.2,56.8,56.0,4,51.6,1,131900,1,0,0,0.2089098822210302,0.275
32,Male,Bachelor's,Tier 2,4.2,2.1,86.8,85.6,72.1,65.8,4,63.3,0,121000,1,1,1,0.8824012413843653,0.885
33,Male,Bachelor's,Tier 1,4.5,0.0,59.0,64.5,43.6,55.2,3,38.3,3,111600,0,0,0,0.07403347458040244,0.14
27,Female,Bachelor's,Tier 1,8.3,3.9,73.9,78.2,62.9,54.6,3,63.1,3,201300,1,1,1,0.7349477055824755,0.61
28,Male,Bachelor's,Tier 2,8.2,0.0,96.3,47.0,61.5,85.2,7,70.2,4,146400,1,1,1,0.9389227628739527,0.74
32,Male,Bachelor's,Tier 2,6.3,0.0,52.9,68.0,31.6,35.6,6,67.4,0,101100,0,0,0,0.03688152611324102,0.055
30,Male,Master's,Tier 2,4.5,3.0,59.6,70.9,42.2,41.1,4,60.7,6,134400,0,0,0,0.10589969422072149,0.195
25,Female,Bachelor's,Tier 3,2.3,0.1,65.8,65.6,58.6,64.9,4,36.7,3,89900,0,0,0,0.06933919387425642,0.145
38,Female,Bachelor's,Tier 2,8.7,0.0,45.9,63.3,40.8,30.1,9,54.8,4,78400,0,0,0,0.04082693217406415,0.125
28,Male,Bachelor's,Tier 2,4.3,1.0,64.6,87.7,68.7,46.0,1,35.8,3,86000,0,0,0,0.230524129061612,0.26
32,Male,PhD,Tier 3,6.3,0.0,75.9,98.2,72.2,38.6,4,49.7,2,183200,0,1,1,0.5372225469693586,0.525
21,Female,Master's,Tier 1,5.8,6.9,80.8,65.3,65.3,52.0,4,41.9,2,132100,1,0,0,0.22472877326311866,0.42
40,Female,Bachelor's,Tier 1,11.5,0.0,91.8,87.5,70.4,78.5,1,41.2,2,156500,1,1,1,0.9768713760604669,0.7
21,Male,Master's,Tier 1,1.3,0.0,96.2,87.2,87.6,70.4,2,27.1,1,142400,0,1,1,0.8527252316357637,0.69
32,Female,Master's,Tier 1,6.6,0.3,92.0,85.7,65.7,65.9,5,69.0,2,210600,1,1,1,0.9657871355949185,0.975
31,Female,Bachelor's,Tier 2,3.1,0.0,92.3,80.1,73.1,65.9,2,68.3,3,139000,1,1,1,0.858923938366871,0.905
24,Male,Master's,Tier 2,5.5,0.0,76.9,68.9,46.1,64.2,4,83.5,1,124300,0,1,0,0.6832820042375443,0.395
26,Male,Master's,Tier 3,3.5,0.0,52.6,89.0,53.0,27.1,3,25.0,1,116300,0,0,0,0.009630097902455984,0.03
25,Female,Bachelor's,Tier 2,6.3,5.5,63.6,53.2,53.7,56.7,6,50.6,3,80800,0,0,0,0.08594339060084454,0.24
30,Male,PhD,Tier 2,3.6,0.0,83.4,62.7,58.3,49.6,5,54.3,1,104500,0,0,0,0.15530925094266418,0.255
30,Male,Bachelor's,Tier 2,6.7,1.8,75.8,81.0,59.8,67.7,2,25.2,1,156700,0,0,0,0.3804280839401627,0.41
30,Male,Master's,Tier 2,4.7,1.0,83.6,59.1,52.1,63.3,0,44.6,5,125300,1,0,0,0.19756685163470844,0.165
28,Female,Master's,Tier 3,4.9,6.1,62.5,75.7,53.5,27.1,4,41.0,2,94500,0,0,0,0.010499529718274118,0.01
34,Female,Bachelor's,Tier 3,5.4,3.5,60.4,69.1,53.4,47.0,5,43.2,2,133300,0,0,0,0.03606350312486476,0.04
28,Male,Master's,Tier 3,2.3,0.0,85.9,83.7,66.0,59.4,5,50.9,3,140500,0,1,1,0.5936767633932816,0.765
30,Male,Bachelor's,Tier 1,1.4,2.6,76.3,86.1,67.4,56.1,3,48.8,3,137600,1,1,1,0.5797814231133851,0.57
23,Male,PhD,Tier 2,0.7,0.0,68.3,74.5,55.5,41.1,2,49.8,1,121000,0,0,0,0.03525056761790634,0.07
26,Non-Binary,Bachelor's,Tier 3,1.7,2.9,65.3,90.4,65.1,49.5,6,48.7,3,108500,0,0,0,0.21782312507534954,0.35
32,Male,PhD,Tier 2,3.4,0.0,42.8,85.4,37.1,49.7,1,52.8,4,110800,0,0,0,0.06930628443917648,0.2
28,Male,Bachelor's,Tier 3,4.1,2.4,76.3,87.5,74.1,55.5,2,76.7,1,145500,1,1,1,0.7616909667218451,0.67
26,Female,Master's,Tier 3,3.9,0.0,34.7,65.9,30.0,27.0,3,25.9,4,75700,0,0,0,0.0005074910679053149,0.01
28,Male,Bachelor's,Tier 2,1.6,0.0,74.3,75.9,61.0,74.1,1,40.9,2,107600,0,0,0,0.37260184677958086,0.41
27,Female,Bachelor's,Tier 1,2.8,0.0,63.9,65.9,50.9,31.5,1,31.6,4,116000,0,0,0,0.008644764422854088,0.045
24,Female,Master's,Tier 1,8.4,1.4,71.3,100.0,61.9,59.9,8,55.9,1,146400,1,1,1,0.9527318218825472,0.775
31,Male,Bachelor's,Tier 2,8.4,0.0,62.2,65.3,42.0,54.9,4,43.6,2,190700,0,0,0,0.11742746989454918,0.17
33,Male,Bachelor's,Tier 1,5.1,0.9,91.9,87.7,76.1,61.4,5,62.3,3,197300,1,1,1,0.9672255112607613,0.955
35,Female,Bachelor's,Tier 2,8.7,2.1,61.4,72.3,44.4,39.2,5,49.1,2,164800,0,0,0,0.07331814675013967,0.09
29,Male,PhD,Tier 2,0.9,0.4,47.9,84.2,42.1,20.3,6,58.5,1,60700,0,0,0,0.012185765746498992,0.04
31,Male,Bachelor's,Tier 2,2.0,0.2,67.2,68.0,54.4,52.7,4,48.4,1,65200,0,0,0,0.0848480293419237,0.105
24,Male,Master's,Tier 2,2.6,0.4,60.5,85.2,51.0,42.9,4,72.5,0,99800,1,0,0,0.24373161551301417,0.18
25,Male,Master's,Tier 2,3.2,0.0,47.0,69.8,48.2,20.0,3,28.0,3,90300,0,0,0,0.0026838642169188546,0.0
38,Non-Binary,Master's,Tier 3,3.8,2.0,81.9,89.4,64.2,68.4,6,52.6,0,105000,1,1,1,0.7000996249090922,0.655
29,Male,Bachelor's,Tier 3,4.8,2.8,68.5,61.9,55.1,37.3,2,57.8,1,93400,0,0,0,0.024110769453903592,0.055
26,Male,Bachelor's,Tier 1,5.1,0.2,60.8,60.6,52.7,51.4,3,47.4,2,107000,0,0,0,0.10215230326678547,0.05
32,Male,PhD,Tier 2,7.5,0.0,32.8,75.5,55.1,20.0,5,49.4,2,84600,0,0,0,0.02192967750895737,0.08
31,Female,Bachelor's,Tier 1,4.5,0.4,53.9,88.9,44.7,24.4,7,51.0,0,96300,0,0,0,0.053641722554163086,0.095
25,Female,Master's,Tier 2,4.7,7.3,87.8,85.8,71.8,60.6,5,51.5,3,122400,0,1,1,0.7734267718782576,0.805
23,Male,Bachelor's,Tier 2,4.6,0.0,51.9,71.5,50.8,37.0,4,63.5,6,69000,0,0,0,0.12230272410360152,0.14
22,Male,Master's,Tier 2,0.5,13.9,59.2,76.6,54.7,30.9,1,26.3,4,82600,0,0,0,0.0038844974880729503,0.06
34,Female,Bachelor's,Tier 2,4.5,1.5,92.3,100.0,69.2,72.7,6,53.3,0,103300,0,1,1,0.9530108304258845,0.885
32,Male,Bachelor's,Tier 3,4.5,9.6,46.0,89.9,53.3,48.1,3,49.6,1,88500,1,0,0,0.07543192115917063,0.2
21,Male,Master's,Tier 3,0.0,0.0,81.8,47.6,53.4,53.6,3,50.6,4,45400,0,0,0,0.02387067197745178,0.26
32,Male,Bachelor's,Tier 1,4.4,0.0,48.9,85.7,50.3,44.9,5,53.0,1,109700,0,0,0,0.2361670648695675,0.1
32,Female,Master's,Tier 3,2.1,0.0,50.3,60.1,39.5,44.1,1,48.1,5,60000,0,0,0,0.00530272877565884,0.03
28,Non-Binary,Bachelor's,Tier 3,3.8,0.0,56.6,63.2,51.4,35.6,1,49.8,2,105100,0,0,0,0.006186999618134029,0.015
21,Male,Master's,Tier 2,0.8,0.0,76.2,60.0,61.1,75.9,4,58.8,2,163100,0,0,0,0.432142375235528,0.48
28,Female,Master's,Tier 2,3.3,0.0,37.2,72.1,55.5,33.6,3,47.0,2,91700,0,0,0,0.013897630017740161,0.03
24,Male,Master's,Tier 2,0.0,0.3,54.2,73.1,55.4,58.2,2,40.8,1,108200,0,0,0,0.05072361611838113,0.095
28,Female,Bachelor's,Tier 3,3.2,6.7,55.6,84.3,60.4,27.6,3,44.0,6,132000,0,0,0,0.022895559839670017,0.185
22,Male,Bachelor's,Tier 2,0.0,0.0,89.9,85.9,78.3,60.4,6,57.4,2,115600,1,1,1,0.8189953843463298,0.68
29,Male,PhD,Tier 1,2.1,0.0,63.2,78.8,50.3,28.8,2,36.2,4,161300,0,0,0,0.023359904248077018,0.06
31,Male,PhD,Tier 3,3.0,0.0,92.5,85.1,74.6,56.9,5,54.5,2,164300,1,1,1,0.7011088966238781,0.83
35,Female,Bachelor's,Tier 1,7.3,9.0,59.3,93.4,61.0,50.9,2,40.1,1,124500,1,0,0,0.34877684474968884,0.305
30,Female,Bachelor's,Tier 1,1.8,0.3,80.4,70.1,59.1,77.5,3,66.9,1,132800,0,1,1,0.7167360731649262,0.63
33,Male,Bachelor's,Tier 2,3.8,0.0,43.4,96.8,47.7,32.5,3,47.7,1,76700,1,0,0,0.06296100843356393,0.09
23,Male,Bachelor's,Tier 1,4.0,1.7,59.1,83.5,50.3,33.5,4,44.4,1,106100,0,0,0,0.07020522567106217,0.015
30,Female,Master's,Tier 3,6.2,0.0,85.1,65.8,58.3,60.3,2,49.4,2,130100,0,0,0,0.22389901240295404,0.31
33,Male,Master's,Tier 2,4.6,7.3,83.9,78.3,69.3,56.6,3,36.7,3,109900,0,0,1,0.41176029971965755,0.51
29,Male,Bachelor's,Tier 3,4.6,4.1,67.2,59.8,66.9,57.5,3,51.4,3,106100,0,0,0,0.1328874636500254,0.28
32,Female,Master's,Tier 3,5.6,0.0,40.6,72.2,35.2,33.4,8,45.9,3,57300,0,0,0,0.011182275786875502,0.06
31,Female,Bachelor's,Tier 2,2.9,0.0,56.1,65.4,51.8,52.1,6,70.0,3,131700,1,0,0,0.1572791030013775,0.265
34,Female,Master's,Tier 2,3.5,0.0,71.6,81.0,62.8,58.4,3,51.3,3,99500,0,0,0,0.4527113575865386,0.25
28,Male,Bachelor's,Tier 2,3.8,0.5,72.5,78.0,61.2,53.4,6,59.6,4,83200,1,1,0,0.5814858143079515,0.36
28,Female,Bachelor's,Tier 3,6.4,0.0,87.1,85.8,62.0,51.6,4,50.2,1,75200,0,0,0,0.44552766493412493,0.44
30,Female,Master's,Tier 2,10.8,0.0,57.6,72.0,57.0,48.8,5,62.9,2,135800,1,0,0,0.4896157158408919,0.475
23,Female,Master's,Tier 3,1.6,0.8,59.6,76.3,57.2,54.3,3,52.0,0,78500,0,0,0,0.05910260041828421,0.15
38,Non-Binary,Bachelor's,Tier 2,3.8,0.0,81.7,92.1,58.7,65.7,6,79.2,2,80800,1,1,1,0.9295185680266936,0.75
28,Male,PhD,Tier 3,4.9,0.6,64.7,68.2,54.2,50.6,1,49.5,2,89500,0,0,0,0.054641603690689024,0.075
23,Female,Bachelor's,Tier 3,6.7,3.9,68.7,63.3,50.1,47.9,3,63.3,2,84200,0,0,0,0.06765551824761186,0.145
27,Male,Master's,Tier 3,3.0,0.6,62.1,65.5,43.3,45.8,4,35.1,3,134300,0,0,0,0.012859829583292522,0.055
24,Non-Binary,Master's,Tier 3,0.5,0.0,81.5,56.9,68.0,52.6,4,53.1,0,55500,0,0,0,0.04554191757825592,0.185
32,Female,Master's,Tier 2,4.4,0.0,64.0,80.4,51.2,75.1,8,59.5,2,137100,1,1,1,0.7623239309646979,0.535
31,Male,Master's,Tier 3,1.1,6.3,97.6,74.7,66.5,72.4,3,52.0,2,97300,1,1,1,0.5449234616980397,0.575
22,Male,Bachelor's,Tier 2,1.7,0.0,53.2,86.9,58.3,38.7,4,58.9,0,114000,0,0,0,0.10908150957629237,0.215
32,Male,Master's,Tier 2,7.2,0.0,82.4,75.9,60.2,58.7,3,43.3,1,98100,0,1,0,0.5247017469351588,0.3
32,Female,Bachelor's,Tier 1,4.9,3.0,86.9,79.1,59.2,62.9,5,46.7,1,110200,0,1,0,0.6187717106403584,0.495
28,Female,PhD,Tier 2,2.5,2.1,67.0,66.3,53.4,56.7,3,33.6,0,102000,0,0,0,0.023922431382865424,0.02
37,Male,Bachelor's,Tier 1,7.6,3.0,80.4,76.5,71.5,55.3,5,73.4,5,170400,1,1,1,0.9477987766680337,0.825
30,Male,Master's,Tier 2,8.8,3.0,66.9,91.6,71.4,51.0,3,61.7,3,216800,1,1,1,0.8731190068672525,0.765
31,Female,Master's,Tier 3,15.9,1.8,71.7,51.2,53.3,50.5,1,11.2,2,237600,0,0,0,0.026108408658848625,0.25
30,Female,Bachelor's,Tier 1,4.4,0.2,68.4,61.0,56.4,41.9,2,18.4,1,170700,0,0,0,0.010561286643609296,0.075
33,Male,PhD,Tier 2,5.2,2.5,56.0,84.8,58.6,42.8,5,58.7,3,109800,0,0,0,0.310816940546423,0.31
30,Female,Master's,Tier 1,3.3,0.0,48.5,53.0,38.5,31.6,6,49.6,1,79600,0,0,0,0.0048778695814531816,0.05
24,Female,Bachelor's,Tier 3,0.6,1.6,52.4,90.0,40.8,29.8,5,47.7,0,87300,0,0,0,0.006992542601790828,0.035
23,Female,Bachelor's,Tier 1,2.3,3.6,45.5,84.4,42.1,41.0,3,52.1,1,81000,0,0,0,0.03472844580495204,0.035
21,Female,Master's,Tier 3,7.8,0.0,59.8,57.3,42.8,43.4,3,38.0,2,84700,0,0,0,0.010083583404057355,0.085
31,Male,Bachelor's,Tier 3,11.5,1.1,64.1,85.8,56.5,50.8,6,61.7,3,280000,1,1,1,0.7441271103368694,0.695
21,Male,Master's,Tier 3,4.4,4.1,73.1,76.1,52.6,68.8,3,37.6,1,125400,1,0,0,0.1878734983826998,0.24
23,Female,Bachelor's,Tier 1,0.0,1.9,47.3,59.7,48.5,52.2,7,67.2,1,77000,0,0,0,0.04995523758515981,0.165
28,Male,Bachelor's,Tier 3,1.7,1.0,61.2,96.4,49.8,30.2,2,39.1,0,150000,0,0,0,0.017821383901622474,0.105
23,Female,Master's,Tier 3,5.7,1.1,97.5,84.5,73.7,53.0,3,57.1,2,103600,1,1,1,0.7095712824585224,0.635
34,Male,Bachelor's,Tier 2,4.5,0.0,77.6,73.1,61.7,53.7,4,38.1,2,127500,0,0,0,0.23820744157343304,0.185
25,Female,Bachelor's,Tier 3,1.1,5.6,78.1,57.3,59.3,42.1,3,63.7,1,99300,0,0,0,0.017121372743117536,0.185
35,Female,Master's,Tier 3,9.6,0.3,68.9,86.0,68.7,49.2,4,57.1,5,137300,0,1,1,0.7482340122209536,0.74
34,Male,Master's,Tier 2,8.2,7.0,67.7,86.8,67.4,49.6,4,53.1,5,102800,1,1,1,0.7477529979305667,0.59
21,Male,Bachelor's,Tier 3,2.3,0.7,50.5,90.3,64.7,29.3,4,46.9,3,102300,0,0,0,0.054194068390270564,0.2
28,Male,PhD,Tier 2,2.5,0.0,66.1,77.3,62.7,47.0,10,64.4,1,136300,1,0,0,0.414211260713928,0.34
27,Female,Bachelor's,Tier 2,5.3,0.0,87.7,85.7,77.3,70.9,4,41.0,2,91500,0,1,1,0.8690973634692586,0.855
24,Male,Bachelor's,Tier 1,5.6,2.5,66.6,88.9,54.2,38.8,6,45.9,2,98300,1,0,0,0.3318569750700024,0.195
21,Male,Bachelor's,Tier 3,3.7,2.3,66.9,83.9,57.5,44.5,1,35.8,2,95800,0,0,0,0.05025656248261825,0.05
25,Female,Bachelor's,Tier 2,6.6,0.0,91.8,67.0,67.3,90.8,7,76.7,4,253400,1,1,1,0.9846239951554512,0.96
30,Male,Bachelor's,Tier 2,5.0,2.3,63.0,81.7,56.7,42.3,5,70.1,1,73800,1,0,0,0.3571587607696522,0.295
27,Male,Bachelor's,Tier 3,3.5,5.2,55.2,64.8,50.9,42.4,5,52.6,3,100400,0,0,0,0.023105356043360288,0.035
32,Female,PhD,Tier 3,5.1,0.5,70.2,63.8,50.9,59.5,7,46.5,2,98400,0,0,0,0.10027113584957313,0.13
31,Female,Master's,Tier 2,11.7,4.5,63.2,61.0,42.8,46.7,8,64.4,4,224000,0,0,0,0.2967072605294812,0.43
33,Male,Bachelor's,Tier 2,10.6,0.2,66.0,81.1,68.8,49.1,7,71.1,3,114100,0,1,1,0.9141976943505206,0.835
24,Male,Master's,Tier 2,2.6,0.0,45.4,81.1,56.8,39.6,4,67.6,0,67600,0,0,0,0.12433639453977997,0.16
24,Male,Master's,Tier 2,0.0,0.0,68.7,80.9,54.9,46.8,3,68.9,0,60600,0,0,0,0.18420087044491587,0.26
27,Male,Master's,Tier 2,2.5,0.0,71.1,67.7,47.8,38.8,1,42.2,1,59800,0,0,0,0.01723230055555343,0.03
29,Non-Binary,Bachelor's,Tier 1,1.3,1.9,50.6,75.4,44.5,39.9,2,29.8,3,76700,0,0,0,0.008500214625137774,0.015
32,Female,Bachelor's,Tier 1,3.2,0.3,98.2,65.9,72.4,58.0,4,61.3,1,134100,1,1,1,0.6471104991893846,0.57
35,Female,Bachelor's,Tier 2,2.0,0.0,51.0,87.9,64.1,23.8,7,72.9,0,56700,0,0,0,0.11994695639053478,0.25
28,Female,Master's,Tier 2,1.0,0.0,62.0,62.0,48.8,65.8,5,55.4,3,59400,0,0,0,0.12322253788352729,0.285
41,Female,Bachelor's,Tier 2,4.7,0.0,69.4,81.7,51.9,53.2,6,69.1,6,59200,0,1,1,0.6644241499987551,0.515
21,Female,Bachelor's,Tier 2,2.0,1.2,76.6,75.8,63.9,41.2,7,51.5,0,97200,0,0,0,0.1169871549689241,0.17
29,Male,Bachelor's,Tier 1,5.6,0.0,82.0,83.7,64.7,55.9,5,56.7,1,109200,1,1,1,0.8218974750275413,0.76
36,Female,PhD,Tier 3,2.6,3.9,63.1,76.1,52.5,40.1,3,47.7,1,151700,0,0,0,0.015327948783500201,0.02
28,Female,Bachelor's,Tier 1,0.3,0.0,61.3,76.7,76.0,33.2,3,32.5,0,86500,0,0,0,0.03015239104931002,0.115
23,Male,Master's,Tier 3,0.0,2.8,66.6,90.2,60.9,51.0,5,59.9,0,90200,0,0,0,0.2322197846896359,0.29
25,Male,Bachelor's,Tier 2,11.5,2.0,68.9,81.5,57.3,53.6,6,48.8,4,205800,1,1,1,0.7614265351695305,0.63
31,Male,Bachelor's,Tier 2,11.2,2.3,76.9,75.2,62.7,53.6,3,32.2,1,136100,1,0,0,0.4202603950106854,0.25
26,Female,Master's,Tier 3,14.6,0.0,80.7,60.6,53.7,48.8,5,75.4,4,168400,1,1,0,0.6873910341397996,0.45
24,Female,Master's,Tier 2,0.0,0.6,50.7,87.2,62.2,36.9,8,75.4,2,94200,0,0,0,0.24979369490181597,0.325
21,Female,PhD,Tier 3,0.0,7.4,64.0,80.9,52.7,47.7,7,48.4,3,93100,0,0,0,0.03779409858322835,0.095
25,Male,Bachelor's,Tier 2,5.6,0.8,77.6,90.5,59.1,45.6,6,64.4,2,125100,1,1,1,0.7090116442798895,0.68
21,Non-Binary,Bachelor's,Tier 2,0.0,0.8,79.5,84.6,68.9,44.9,4,38.1,2,82700,0,0,0,0.11768196533585604,0.14
25,Female,Bachelor's,Tier 3,6.7,1.3,77.0,60.7,48.5,50.6,5,41.0,3,100900,0,0,0,0.048819125131294674,0.155
23,Male,Bachelor's,Tier 1,0.4,0.7,74.7,75.3,54.1,50.3,5,46.9,1,123400,0,0,0,0.14739287399684317,0.165
29,Female,Master's,Tier 1,5.9,4.0,66.7,81.4,63.5,54.1,8,79.1,2,156800,1,1,1,0.8727833414164102,0.68
25,Male,Master's,Tier 2,3.7,0.0,78.5,71.9,72.9,62.6,5,60.4,2,124300,1,1,1,0.7435781180603575,0.59
32,Female,Master's,Tier 2,3.7,3.4,52.4,100.0,56.7,28.3,4,36.4,3,68400,0,0,0,0.06738844782153557,0.115
23,Female,Master's,Tier 3,0.0,0.0,45.2,88.0,53.1,24.7,5,39.0,2,94000,0,0,0,0.0061903708714458215,0.035
29,Female,Bachelor's,Tier 2,4.0,4.4,44.1,76.2,58.6,33.1,5,60.8,2,87000,0,0,0,0.047501759470109345,0.095
25,Female,PhD,Tier 1,0.0,0.0,93.6,93.0,74.2,84.5,6,75.6,4,91600,1,1,1,0.9917257325241425,0.935
26,Female,Bachelor's,Tier 3,3.0,0.2,83.1,66.7,60.9,56.5,1,31.5,1,128300,1,0,0,0.03591291637882298,0.11
32,Female,Master's,Tier 2,2.8,2.1,69.7,70.1,56.9,41.0,6,89.5,1,105800,0,0,0,0.2968365072679085,0.335
33,Male,Master's,Tier 2,7.5,1.7,68.1,79.1,60.5,55.4,5,52.2,3,130600,1,1,1,0.642099312006164,0.63
30,Male,Bachelor's,Tier 3,3.6,0.1,66.7,76.8,56.0,48.0,3,60.4,2,94900,0,0,0,0.1563828405172297,0.145
30,Male,Master's,Tier 1,2.2,5.6,72.2,59.3,55.1,40.5,2,49.6,5,82800,0,0,0,0.05137042092407129,0.21
31,Male,Bachelor's,Tier 3,11.4,0.0,65.5,99.6,67.0,53.8,6,66.8,3,102700,1,1,1,0.9586562525940036,0.815
24,Male,Bachelor's,Tier 3,0.9,2.3,39.7,79.5,49.5,29.3,5,59.7,2,64100,0,0,0,0.012355216309567254,0.045
29,Female,Master's,Tier 3,0.7,3.3,71.0,80.8,62.5,56.9,3,40.2,4,110200,0,0,0,0.11789222710657232,0.125
25,Non-Binary,Bachelor's,Tier 3,0.0,0.0,61.3,83.8,63.6,34.3,11,79.1,0,91500,0,0,0,0.17971225851917796,0.3
28,Female,PhD,Tier 3,2.2,0.0,65.0,68.0,52.9,41.2,2,49.0,1,89600,0,0,0,0.01125626642177069,0.02
24,Male,Bachelor's,Tier 3,1.9,0.0,51.6,86.8,55.4,40.6,3,27.7,1,111300,0,0,0,0.016865107930471933,0.035
26,Male,Bachelor's,Tier 2,1.0,0.0,80.7,73.1,64.6,32.7,2,57.3,0,96700,0,0,0,0.05901495718105627,0.195
26,Female,Bachelor's,Tier 2,1.3,0.5,48.7,72.0,51.9,42.8,3,40.0,3,79700,0,0,0,0.014290259457298634,0.01
25,Female,Bachelor's,Tier 2,8.8,1.3,80.1,62.6,61.6,59.8,3,76.6,1,131700,1,1,1,0.6481177254700027,0.57
35,Male,Bachelor's,Tier 2,6.4,0.0,69.4,70.7,68.4,41.3,6,65.8,4,100200,0,1,0,0.5375422060863958,0.41
29,Female,Bachelor's,Tier 2,3.6,6.9,62.3,72.8,50.4,36.3,3,48.8,3,102000,0,0,0,0.02189256816846616,0.015
30,Male,Bachelor's,Tier 2,2.0,0.0,46.8,88.9,49.3,35.8,4,43.3,3,108800,0,0,0,0.04661268219716137,0.035
29,Female,Bachelor's,Tier 2,10.0,1.7,65.8,91.2,70.5,49.8,7,47.2,2,130800,1,1,1,0.7895336744251679,0.735
25,Female,Master's,Tier 2,4.7,1.2,67.3,72.0,43.3,52.8,5,53.8,1,83800,0,0,0,0.11429620191918739,0.105
29,Male,Bachelor's,Tier 3,4.9,5.6,89.4,75.6,54.4,40.6,4,65.3,3,89900,1,0,0,0.21848685003659105,0.38
27,Non-Binary,Master's,Tier 2,10.2,0.0,75.9,80.6,55.8,74.7,6,66.1,1,157500,1,1,1,0.9383146599673221,0.875
35,Female,Master's,Tier 2,11.1,0.0,57.3,84.0,54.0,42.4,6,56.7,2,141600,0,1,0,0.512365258492499,0.45
35,Female,Bachelor's,Tier 1,5.1,0.0,81.1,87.4,59.2,62.7,5,64.0,5,195500,1,1,1,0.9154548929135593,0.75
35,Female,Bachelor's,Tier 3,4.7,9.7,73.8,74.9,68.3,36.2,4,59.7,3,118100,0,0,0,0.09818388471944882,0.255
35,Male,PhD,Tier 2,5.6,4.5,79.2,82.7,63.0,54.4,6,72.0,3,191400,1,1,1,0.8079276863476529,0.68
22,Male,PhD,Tier 3,1.2,1.2,68.6,78.1,70.4,44.4,3,49.4,3,94300,0,0,0,0.1038809458189284,0.135
26,Male,Bachelor's,Tier 3,2.1,1.4,61.2,91.5,60.7,50.1,5,68.6,1,103000,1,0,0,0.4008143371679776,0.485
27,Non-Binary,Master's,Tier 1,2.6,1.8,91.8,82.2,69.4,59.8,8,86.1,3,117900,1,1,1,0.9626510339465385,0.885
27,Male,Bachelor's,Tier 2,9.8,0.7,71.1,77.2,60.7,45.0,3,41.0,4,191200,0,0,0,0.3804589715644503,0.365
25,Female,Master's,Tier 2,2.5,0.0,87.8,78.0,64.4,73.9,2,70.8,1,112500,1,1,1,0.8171265435272516,0.725
21,Female,Master's,Tier 2,13.2,1.5,80.2,93.8,69.3,58.1,5,43.0,3,190700,1,1,1,0.9438521667059071,0.815
26,Female,Bachelor's,Tier 2,6.9,0.4,77.3,70.7,52.3,59.5,9,76.1,2,112500,1,1,1,0.7521146101732658,0.575
26,Male,Bachelor's,Tier 3,6.1,0.8,68.3,94.9,68.3,60.0,9,64.3,0,177100,1,1,1,0.8867552744054281,0.815
29,Female,Bachelor's,Tier 2,3.5,0.0,77.3,82.9,51.8,46.4,3,56.8,1,202200,0,0,0,0.17610705408129254,0.36
25,Female,Bachelor's,Tier 1,9.7,0.0,59.9,70.5,45.9,49.5,5,55.8,1,174100,0,0,0,0.27700661270599775,0.325
31,Non-Binary,Master's,Tier 3,4.5,0.0,64.0,72.8,49.9,38.5,0,40.5,1,96300,0,0,0,0.01073496461838814,0.03
21,Male,Bachelor's,Tier 3,3.5,0.2,64.0,61.7,50.1,60.1,3,60.3,3,126000,0,0,0,0.10394861456283018,0.155
27,Female,Master's,Tier 3,3.4,1.8,54.7,85.9,52.2,43.9,6,56.4,1,73100,0,0,0,0.09901616268749568,0.135
31,Female,Bachelor's,Tier 3,9.9,0.0,56.6,79.0,50.5,56.5,4,37.4,2,183900,0,0,0,0.1740414958644583,0.165
29,Female,Bachelor's,Tier 3,6.8,0.9,58.2,69.3,51.1,48.7,6,50.8,3,116400,0,0,0,0.09116505334087048,0.1
29,Male,Master's,Tier 2,6.1,0.0,78.7,85.2,68.8,67.4,4,57.7,3,209400,1,1,1,0.9179885157320721,0.95
31,Male,Master's,Tier 2,8.1,0.0,88.0,55.2,53.4,66.3,6,83.4,1,124800,0,1,1,0.8193391587958057,0.64
32,Female,Bachelor's,Tier 3,7.4,0.0,60.1,77.3,57.3,42.8,6,75.9,0,119300,0,0,0,0.2940592662965157,0.46
28,Non-Binary,Bachelor's,Tier 2,8.2,2.0,53.8,73.0,52.5,49.0,9,73.4,3,96600,1,1,0,0.5047925778153177,0.395
25,Non-Binary,Bachelor's,Tier 2,1.7,1.0,76.2,76.3,46.2,60.6,1,48.2,1,109600,0,0,0,0.08436497269546718,0.085
38,Female,Bachelor's,Tier 2,3.6,0.1,97.3,84.5,80.1,74.7,7,100.0,4,149700,1,1,1,0.9962515779649598,0.915
21,Female,Master's,Tier 1,0.0,0.0,74.8,68.4,50.2,43.9,4,57.1,3,85100,0,0,0,0.07872592203784141,0.13
24,Male,Bachelor's,Tier 2,2.3,5.2,68.8,80.5,65.1,50.1,2,46.9,3,108200,0,0,0,0.1855701810519836,0.105
25,Male,Bachelor's,Tier 3,0.0,0.0,79.2,60.0,60.6,58.9,0,36.5,2,88500,0,0,0,0.02462189714431932,0.065
27,Female,PhD,Tier 3,4.4,0.0,64.3,57.5,36.4,55.8,3,53.5,0,141700,0,0,0,0.012394876799794636,0.135
42,Male,Master's,Tier 3,5.4,0.0,76.4,71.3,65.2,41.0,5,50.2,4,96900,0,0,0,0.2323805825339246,0.39
26,Female,Master's,Tier 1,4.2,2.6,79.0,74.8,60.2,58.3,2,57.3,2,103300,1,0,0,0.4872094371827605,0.29
29,Female,Bachelor's,Tier 1,2.1,0.0,79.5,86.2,69.6,59.8,2,60.3,2,79500,0,1,1,0.7405212065649369,0.73
31,Female,Bachelor's,Tier 1,5.0,0.0,63.9,68.2,54.2,50.0,4,73.3,1,117300,0,0,0,0.32397784332376767,0.325
25,Female,Bachelor's,Tier 3,8.5,1.5,68.6,70.7,73.9,51.9,4,57.1,4,94500,0,0,0,0.48810578484187905,0.46
31,Male,Bachelor's,Tier 3,4.5,0.9,73.5,95.3,68.6,51.7,3,44.6,1,108700,1,0,0,0.4669805348449268,0.38
30,Female,Bachelor's,Tier 3,2.9,0.0,60.4,90.0,59.1,58.1,4,30.4,0,60200,0,0,0,0.10492202747962034,0.275
30,Female,PhD,Tier 2,6.7,0.0,71.4,83.2,68.8,53.1,3,47.3,5,94400,1,1,1,0.5902787934096148,0.525
27,Female,Bachelor's,Tier 2,3.5,1.1,60.6,88.5,55.5,49.1,1,47.0,4,106400,0,0,0,0.17195210632602412,0.09
27,Non-Binary,Master's,Tier 1,1.6,0.0,85.1,84.6,68.5,62.5,7,76.4,0,94100,1,1,1,0.9070904124277893,0.78
31,Female,Master's,Tier 2,3.8,0.0,79.7,67.9,60.1,59.8,1,35.4,3,45000,0,0,0,0.14535711608336307,0.185
23,Male,Master's,Tier 2,0.0,1.0,71.6,72.6,56.4,61.2,3,45.0,0,112200,0,0,0,0.11157528808870228,0.125
33,Female,Master's,Tier 3,4.7,0.0,50.7,76.2,44.6,38.6,2,32.2,1,108700,0,0,0,0.006883611303352199,0.0
27,Female,Master's,Tier 2,5.5,0.0,59.3,86.3,53.5,46.8,4,53.3,0,133900,0,0,0,0.21022053670038335,0.285
31,Male,Bachelor's,Tier 2,2.9,0.0,68.3,75.1,59.6,35.8,4,60.5,5,98100,0,0,0,0.17987429059491458,0.155
34,Male,Bachelor's,Tier 1,6.5,0.0,63.7,73.2,60.5,43.8,5,65.7,1,154800,1,0,0,0.467051192288981,0.475
21,Female,Master's,Tier 2,3.4,0.0,58.3,84.0,50.2,32.0,5,61.7,3,117600,0,0,0,0.097212094059127,0.085
25,Female,Master's,Tier 2,3.5,0.0,85.8,94.2,69.2,61.2,2,44.8,1,89300,1,1,1,0.6994797144478265,0.74
24,Female,Bachelor's,Tier 2,0.4,0.0,75.7,76.0,69.0,61.2,8,64.6,2,111000,1,1,0,0.597713904494416,0.4
21,Female,Master's,Tier 2,0.0,0.0,55.6,51.9,51.3,45.5,5,69.3,3,62700,0,0,0,0.024176070005730153,0.16
27,Female,Master's,Tier 2,3.3,0.0,61.3,86.3,58.9,50.6,5,66.9,4,60600,1,1,0,0.5465772187548045,0.375
34,Male,Master's,Tier 1,7.5,1.4,86.2,62.0,61.3,61.9,4,71.9,2,141900,1,1,1,0.8389368170016411,0.71
38,Male,Master's,Tier 2,7.2,0.3,73.3,74.0,65.7,41.6,4,48.4,5,178100,0,0,0,0.4187997539984206,0.395
30,Female,Master's,Tier 1,6.0,0.6,62.0,92.0,66.6,43.1,4,61.3,3,143700,0,1,1,0.7097782092010986,0.6
32,Male,Master's,Tier 3,8.1,0.0,60.3,89.0,53.8,30.3,4,66.1,1,124500,1,0,0,0.24394792157442846,0.305
22,Male,Bachelor's,Tier 3,0.0,0.8,90.9,75.4,69.9,68.6,2,58.8,0,80700,0,0,1,0.44363160779760696,0.51
28,Female,Bachelor's,Tier 3,1.4,0.0,66.2,83.9,65.1,46.0,3,24.7,3,62000,0,0,0,0.03823702689046711,0.13
24,Female,Bachelor's,Tier 3,2.5,0.0,59.1,75.1,49.7,40.5,1,26.8,2,82100,0,0,0,0.005158011484354001,0.015
36,Female,Bachelor's,Tier 3,9.4,0.4,75.0,77.7,65.8,64.5,5,64.7,4,127600,1,1,1,0.8620009992220666,0.78
29,Female,Bachelor's,Tier 2,2.9,0.0,63.1,63.6,53.2,62.0,6,43.3,0,116400,0,0,0,0.07577641947031247,0.145
28,Male,Bachelor's,Tier 3,7.9,0.0,64.6,56.5,53.2,43.6,9,77.5,2,168500,0,0,0,0.2402764037814721,0.425
30,Male,Bachelor's,Tier 2,0.9,1.0,74.2,81.2,50.4,47.3,3,39.0,6,51300,0,0,0,0.11506560082755707,0.14
30,Female,Master's,Tier 3,1.2,0.9,78.2,76.5,59.4,60.7,2,39.5,2,124700,0,0,0,0.10118712524662662,0.115
27,Male,Bachelor's,Tier 3,3.0,0.0,71.4,98.4,67.1,40.1,3,53.7,3,78900,0,0,0,0.39246406622255137,0.37
35,Female,Master's,Tier 1,2.4,0.9,59.5,80.7,61.6,26.1,6,43.4,1,98800,0,0,0,0.05070654388240795,0.13
30,Male,Bachelor's,Tier 1,5.8,0.1,66.9,72.3,52.7,38.0,6,56.2,3,128400,1,0,0,0.2493819932046024,0.23
28,Male,Bachelor's,Tier 3,2.4,0.0,68.7,80.8,53.6,52.9,1,36.2,4,93900,0,0,0,0.07577576210968415,0.21
26,Male,Master's,Tier 2,4.9,0.0,61.5,73.4,51.7,43.6,3,58.2,0,154700,0,0,0,0.107121351446455,0.155
30,Male,PhD,Tier 2,2.4,0.9,67.8,87.0,54.8,40.7,3,61.9,1,110700,0,0,0,0.17721388535211102,0.2
28,Male,Bachelor's,Tier 2,6.0,2.7,60.4,62.4,39.6,42.1,4,36.8,1,166000,0,0,0,0.01242247464555585,0.04
21,Female,Master's,Tier 1,0.0,0.0,69.5,83.1,55.0,67.2,1,16.2,2,139000,0,0,0,0.09718267347265452,0.325
21,Male,PhD,Tier 1,0.0,0.4,68.4,81.1,59.5,65.5,1,39.3,2,103700,0,0,0,0.2503269929316363,0.31
34,Male,Bachelor's,Tier 2,13.5,0.0,47.4,97.8,61.0,22.8,6,44.0,2,223200,1,0,0,0.4234338732880599,0.475
25,Female,Bachelor's,Tier 3,8.9,0.6,61.7,87.2,49.6,59.6,5,54.0,2,124200,1,0,0,0.4920888926185244,0.4
27,Non-Binary,Bachelor's,Tier 3,0.7,0.0,49.8,89.1,63.3,33.2,5,67.9,0,73700,0,0,0,0.06340986321812925,0.155
38,Male,Bachelor's,Tier 3,4.7,0.0,71.4,81.9,54.1,68.4,2,57.9,1,86700,0,1,1,0.5051251230760283,0.565
35,Male,Bachelor's,Tier 2,2.9,0.0,71.3,58.1,46.8,35.4,4,42.8,2,94300,0,0,0,0.01164839766460395,0.04
29,Male,Master's,Tier 2,1.8,1.5,63.1,78.9,52.3,51.7,1,18.0,1,108300,0,0,0,0.022281150569768055,0.025
29,Female,Bachelor's,Tier 1,3.3,0.9,52.2,90.5,59.8,36.9,3,47.4,0,91700,0,0,0,0.10757738469325571,0.185
30,Male,Bachelor's,Tier 2,3.5,0.2,81.8,74.0,58.7,75.1,4,53.4,1,106200,0,1,1,0.6745889850681686,0.595
32,Female,Bachelor's,Tier 2,5.9,1.5,57.9,82.2,51.6,37.1,2,41.9,2,97500,0,0,0,0.04769832303405119,0.025
21,Female,Bachelor's,Tier 3,0.4,0.0,90.6,95.8,78.5,66.4,2,45.5,5,128800,1,1,1,0.7680338782868451,0.595
21,Male,Bachelor's,Tier 3,0.0,0.3,61.3,76.0,61.3,31.4,11,97.0,2,72700,0,0,0,0.29738965392691386,0.325
34,Male,Master's,Tier 3,10.7,1.4,60.2,78.0,58.7,39.9,2,38.8,1,140500,0,0,0,0.11860007094505055,0.115
28,Female,Master's,Tier 2,10.9,0.0,47.2,74.5,50.2,20.0,3,30.8,1,174000,0,0,0,0.01152014533288384,0.105
31,Male,Bachelor's,Tier 3,5.0,4.1,78.9,78.8,60.4,48.1,5,37.9,3,111400,0,0,0,0.16906451569997175,0.205
33,Male,Master's,Tier 2,3.5,2.6,63.1,88.7,57.3,41.1,3,55.5,1,79600,0,0,0,0.2142621609859162,0.31
30,Female,PhD,Tier 2,2.6,0.0,67.2,78.1,59.4,41.9,5,44.4,1,97600,1,0,0,0.06727167768646049,0.085
30,Female,Master's,Tier 3,4.2,0.7,53.2,93.0,58.4,57.2,6,54.0,2,114300,1,0,0,0.4262436862132932,0.48
30,Male,Bachelor's,Tier 3,0.8,2.7,58.8,70.6,50.9,20.0,3,41.0,0,61200,0,0,0,0.0016209779268326599,0.015
24,Male,Bachelor's,Tier 1,0.1,0.2,47.7,81.4,55.7,36.7,4,64.2,1,83100,0,0,0,0.09061528738765226,0.12
35,Female,Bachelor's,Tier 3,4.3,8.8,93.3,79.9,79.7,56.4,3,69.2,4,209400,1,1,1,0.7360097779155786,0.735
30,Male,Bachelor's,Tier 2,4.4,0.0,68.6,82.6,58.3,53.4,7,65.0,1,88900,1,1,1,0.6210002771797937,0.505
30,Male,Master's,Tier 1,4.3,0.0,83.7,71.5,66.9,63.9,6,34.0,1,280000,1,1,1,0.5666738145763468,0.55
21,Female,Bachelor's,Tier 3,2.2,0.7,60.2,78.8,53.9,34.4,5,59.8,1,75800,0,0,0,0.03196164423231072,0.04
40,Female,PhD,Tier 2,10.3,5.0,63.9,82.5,55.5,35.0,5,48.2,3,173100,1,0,0,0.204207314768429,0.31
34,Female,Bachelor's,Tier 3,2.5,2.1,89.4,66.1,62.2,70.8,4,59.9,3,124700,0,0,1,0.43609372743190633,0.67
21,Male,Master's,Tier 2,5.9,0.0,56.6,91.8,53.2,35.4,3,57.7,2,57800,1,0,0,0.25639294730546675,0.22
27,Female,Master's,Tier 3,4.2,1.2,77.2,82.1,71.5,74.3,5,65.1,1,91200,1,1,1,0.8532644376191464,0.79
24,Male,Master's,Tier 2,2.8,7.2,71.9,80.1,66.6,49.2,1,41.8,1,118500,0,0,0,0.12629119619820117,0.16
30,Male,Bachelor's,Tier 1,9.1,1.0,66.1,67.1,62.3,43.9,4,28.1,0,179100,0,0,0,0.12394237950291001,0.18
22,Female,Master's,Tier 3,4.0,2.0,77.5,100.0,70.8,64.1,5,50.8,2,87600,1,1,1,0.8238385433819915,0.68
32,Female,Master's,Tier 1,4.6,2.6,98.6,79.7,54.8,66.1,1,44.1,1,170500,1,1,1,0.5708365046928318,0.58
34,Male,Master's,Tier 1,7.7,0.7,99.8,66.4,68.3,74.6,5,61.8,3,197400,1,1,1,0.9676901119592646,0.97
21,Female,Master's,Tier 3,2.8,4.8,90.8,87.6,64.0,67.8,5,65.7,3,114600,1,1,1,0.8084809944434338,0.775
34,Female,Bachelor's,Tier 3,3.9,1.1,80.7,91.4,66.3,46.1,5,70.9,1,81800,0,1,1,0.5869296708561599,0.625
21,Female,Bachelor's,Tier 3,0.0,0.4,82.1,79.4,68.0,56.3,6,68.3,2,92200,0,0,0,0.4297135108595109,0.405
27,Male,Bachelor's,Tier 2,5.4,0.0,91.7,68.7,63.8,43.5,4,65.2,2,124600,1,0,1,0.4386638358185915,0.535
30,Female,Master's,Tier 3,2.7,0.0,73.1,80.9,70.1,54.8,5,58.8,2,117200,0,0,0,0.431235795175872,0.42
